AID,BID
AID1,BID294
AID1,BID3334
AID1,BID4781
AID2,BID246
AID2,BID4794
AID2,BID5198
AID3,BID1372
AID3,BID2419
AID3,BID2565
AID4,BID175
AID4,BID2203
AID4,BID5518
AID5,BID2630
AID5,BID4482
AID5,BID5262
AID6,BID1696
AID6,BID1704
AID6,BID689
AID7,BID1567
AID7,BID1862
AID7,BID5917
AID8,BID1819
AID8,BID3615
AID8,BID713
AID9,BID3357
AID9,BID502
AID9,BID5043
AID10,BID2929
AID10,BID3095
AID10,BID4984
AID11,BID3580
AID11,BID3783
AID11,BID5404
AID12,BID1362
AID12,BID1596
AID12,BID4621
AID13,BID2120
AID13,BID5422
AID13,BID893
AID14,BID2400
AID14,BID3002
AID14,BID3564
AID15,BID1206
AID15,BID1948
AID15,BID2499
AID16,BID167
AID16,BID21
AID16,BID218
AID17,BID1173
AID17,BID3246
AID17,BID663
AID18,BID1115
AID18,BID2217
AID18,BID2725
AID19,BID3793
AID19,BID5355
AID19,BID5639
AID20,BID1239
AID20,BID3230
AID20,BID3840
AID21,BID3921
AID21,BID4731
AID21,BID795
AID22,BID3946
AID22,BID4720
AID22,BID5327
AID23,BID1702
AID23,BID3797
AID23,BID5644
AID24,BID4391
AID24,BID865
AID24,BID945
AID25,BID3274
AID25,BID525
AID25,BID563
AID26,BID2871
AID26,BID5858
AID26,BID951
AID27,BID1354
AID27,BID141
AID27,BID2360
AID28,BID1546
AID28,BID189
AID28,BID3703
AID29,BID3755
AID29,BID5784
AID29,BID5851
AID30,BID1543
AID30,BID5033
AID30,BID5053
AID31,BID2347
AID31,BID3585
AID31,BID4818
AID32,BID1835
AID32,BID2051
AID32,BID5939
AID33,BID2218
AID33,BID2661
AID33,BID4367
AID34,BID1598
AID34,BID2787
AID34,BID3764
AID35,BID4646
AID35,BID5789
AID35,BID752
AID36,BID1330
AID36,BID4055
AID36,BID757
AID37,BID3868
AID37,BID4492
AID37,BID647
AID38,BID1791
AID38,BID5199
AID38,BID5601
AID39,BID3144
AID39,BID400
AID39,BID89
AID40,BID2056
AID40,BID3300
AID40,BID769
AID41,BID1658
AID41,BID1991
AID41,BID2242
AID42,BID1498
AID42,BID4476
AID42,BID5047
AID43,BID3051
AID43,BID3846
AID43,BID516
AID44,BID1
AID44,BID1908
AID44,BID736
AID45,BID2831
AID45,BID4495
AID45,BID5990
AID46,BID1958
AID46,BID3984
AID46,BID4535
AID47,BID38
AID47,BID5587
AID47,BID5667
AID48,BID1367
AID48,BID5650
AID48,BID5734
AID49,BID3049
AID49,BID4254
AID49,BID4780
AID50,BID2286
AID50,BID30
AID50,BID3525
AID51,BID1015
AID51,BID2057
AID51,BID5124
AID52,BID23
AID52,BID2607
AID52,BID3311
AID53,BID2707
AID53,BID3379
AID53,BID4623
AID54,BID3096
AID54,BID367
AID54,BID5485
AID55,BID2976
AID55,BID4429
AID55,BID5288
AID56,BID4256
AID56,BID4891
AID56,BID5930
AID57,BID4622
AID57,BID5424
AID57,BID757
AID58,BID1975
AID58,BID2063
AID58,BID5360
AID59,BID3023
AID59,BID3480
AID59,BID4846
AID60,BID155
AID60,BID2778
AID60,BID2979
AID61,BID1673
AID61,BID3071
AID61,BID3363
AID62,BID3791
AID62,BID3845
AID62,BID5877
AID63,BID1081
AID63,BID2785
AID63,BID5469
AID64,BID2848
AID64,BID4222
AID64,BID4692
AID65,BID4068
AID65,BID4294
AID65,BID4514
AID66,BID1361
AID66,BID3100
AID66,BID3221
AID67,BID1406
AID67,BID2655
AID67,BID4350
AID68,BID3178
AID68,BID4972
AID68,BID5527
AID69,BID4168
AID69,BID5565
AID69,BID742
AID70,BID2351
AID70,BID3022
AID70,BID4596
AID71,BID2446
AID71,BID4366
AID71,BID5759
AID72,BID1291
AID72,BID4669
AID72,BID4821
AID73,BID1325
AID73,BID1794
AID73,BID3433
AID74,BID2124
AID74,BID2845
AID74,BID4225
AID75,BID4302
AID75,BID4689
AID75,BID953
AID76,BID2149
AID76,BID2292
AID76,BID3681
AID77,BID1362
AID77,BID3430
AID77,BID5110
AID78,BID2215
AID78,BID3734
AID78,BID544
AID79,BID1844
AID79,BID5202
AID79,BID5271
AID80,BID2118
AID80,BID4126
AID80,BID5970
AID81,BID2028
AID81,BID3155
AID81,BID4839
AID82,BID2050
AID82,BID3895
AID82,BID5095
AID83,BID1606
AID83,BID1938
AID83,BID3936
AID84,BID5137
AID84,BID5824
AID84,BID606
AID85,BID262
AID85,BID3893
AID85,BID542
AID86,BID3956
AID86,BID4456
AID86,BID5549
AID87,BID2279
AID87,BID4131
AID87,BID5105
AID88,BID1733
AID88,BID3647
AID88,BID4660
AID89,BID1153
AID89,BID22
AID89,BID5672
AID90,BID13
AID90,BID2408
AID90,BID315
AID91,BID2451
AID91,BID50
AID91,BID5828
AID92,BID1279
AID92,BID3990
AID92,BID4547
AID93,BID1122
AID93,BID1442
AID93,BID2192
AID94,BID2603
AID94,BID3184
AID94,BID3630
AID95,BID1297
AID95,BID290
AID95,BID461
AID96,BID1740
AID96,BID3917
AID96,BID5555
AID97,BID2305
AID97,BID2599
AID97,BID3868
AID98,BID1880
AID98,BID5959
AID98,BID940
AID99,BID3183
AID99,BID4393
AID99,BID4478
AID100,BID1040
AID100,BID2526
AID100,BID2534
AID101,BID2233
AID101,BID3150
AID101,BID4205
AID102,BID1431
AID102,BID1999
AID102,BID532
AID103,BID207
AID103,BID3411
AID103,BID435
AID104,BID3012
AID104,BID3055
AID104,BID992
AID105,BID2617
AID105,BID2700
AID105,BID4820
AID106,BID3628
AID106,BID4007
AID106,BID5276
AID107,BID1634
AID107,BID2000
AID107,BID2716
AID108,BID2143
AID108,BID4104
AID108,BID4460
AID109,BID2761
AID109,BID4944
AID109,BID654
AID110,BID4221
AID110,BID4519
AID110,BID4965
AID111,BID1405
AID111,BID1917
AID111,BID5996
AID112,BID1378
AID112,BID3642
AID112,BID4386
AID113,BID103
AID113,BID1131
AID113,BID3716
AID114,BID1912
AID114,BID2367
AID114,BID2540
AID115,BID4221
AID115,BID5294
AID115,BID5454
AID116,BID1630
AID116,BID3944
AID116,BID4362
AID117,BID1243
AID117,BID3994
AID117,BID759
AID118,BID2865
AID118,BID3515
AID118,BID5800
AID119,BID2299
AID119,BID381
AID119,BID5820
AID120,BID1533
AID120,BID1837
AID120,BID648
AID121,BID1055
AID121,BID3012
AID121,BID5146
AID122,BID2379
AID122,BID2651
AID122,BID5882
AID123,BID1870
AID123,BID2789
AID123,BID5237
AID124,BID179
AID124,BID3154
AID124,BID5488
AID125,BID1587
AID125,BID2121
AID125,BID2659
AID126,BID2341
AID126,BID5274
AID126,BID5355
AID127,BID1614
AID127,BID4483
AID127,BID5170
AID128,BID1323
AID128,BID4662
AID128,BID5073
AID129,BID2746
AID129,BID4415
AID129,BID5459
AID130,BID2268
AID130,BID4301
AID130,BID4305
AID131,BID1662
AID131,BID1884
AID131,BID749
AID132,BID1373
AID132,BID5006
AID132,BID530
AID133,BID1134
AID133,BID139
AID133,BID1522
AID134,BID2527
AID134,BID3153
AID134,BID4892
AID135,BID1635
AID135,BID2387
AID135,BID5487
AID136,BID1503
AID136,BID1511
AID136,BID2155
AID137,BID3789
AID137,BID5953
AID137,BID754
AID138,BID1210
AID138,BID2782
AID138,BID5516
AID139,BID2110
AID139,BID4360
AID139,BID5741
AID140,BID1360
AID140,BID1718
AID140,BID3991
AID141,BID1002
AID141,BID1461
AID141,BID3896
AID142,BID1430
AID142,BID2171
AID142,BID4513
AID143,BID2226
AID143,BID3004
AID143,BID3110
AID144,BID159
AID144,BID5689
AID144,BID959
AID145,BID1388
AID145,BID1496
AID145,BID2887
AID146,BID1467
AID146,BID4508
AID146,BID4584
AID147,BID4020
AID147,BID5791
AID147,BID5956
AID148,BID3018
AID148,BID5899
AID148,BID991
AID149,BID1990
AID149,BID3758
AID149,BID4681
AID150,BID2174
AID150,BID31
AID150,BID462
AID151,BID1785
AID151,BID3895
AID151,BID4033
AID152,BID3670
AID152,BID4675
AID152,BID5466
AID153,BID3507
AID153,BID5606
AID153,BID830
AID154,BID1325
AID154,BID5179
AID154,BID5412
AID155,BID3460
AID155,BID731
AID155,BID766
AID156,BID3527
AID156,BID5203
AID156,BID5543
AID157,BID4721
AID157,BID5797
AID157,BID844
AID158,BID3197
AID158,BID4970
AID158,BID5640
AID159,BID1080
AID159,BID2354
AID159,BID3787
AID160,BID2022
AID160,BID2054
AID160,BID2238
AID161,BID2801
AID161,BID4493
AID161,BID5587
AID162,BID4408
AID162,BID4591
AID162,BID825
AID163,BID1383
AID163,BID4107
AID163,BID4549
AID164,BID250
AID164,BID3308
AID164,BID996
AID165,BID4334
AID165,BID5692
AID165,BID919
AID166,BID200
AID166,BID2114
AID166,BID5784
AID167,BID2388
AID167,BID2587
AID167,BID2643
AID168,BID2498
AID168,BID5067
AID168,BID5391
AID169,BID282
AID169,BID3479
AID169,BID621
AID170,BID1037
AID170,BID2160
AID170,BID3971
AID171,BID1589
AID171,BID1702
AID171,BID2189
AID172,BID3931
AID172,BID4611
AID172,BID960
AID173,BID2431
AID173,BID2455
AID173,BID4958
AID174,BID1486
AID174,BID3021
AID174,BID3595
AID175,BID2755
AID175,BID4511
AID175,BID5115
AID176,BID1465
AID176,BID257
AID176,BID3728
AID177,BID2588
AID177,BID2824
AID177,BID4677
AID178,BID2071
AID178,BID401
AID178,BID5591
AID179,BID1724
AID179,BID5789
AID179,BID871
AID180,BID2029
AID180,BID4401
AID180,BID531
AID181,BID2026
AID181,BID381
AID181,BID4292
AID182,BID2047
AID182,BID4190
AID182,BID5914
AID183,BID1414
AID183,BID1896
AID183,BID3922
AID184,BID2054
AID184,BID5129
AID184,BID752
AID185,BID2443
AID185,BID2995
AID185,BID5162
AID186,BID1281
AID186,BID2068
AID186,BID4877
AID187,BID3500
AID187,BID3501
AID187,BID4779
AID188,BID2471
AID188,BID4648
AID188,BID5233
AID189,BID4032
AID189,BID4169
AID189,BID641
AID190,BID1538
AID190,BID365
AID190,BID4666
AID191,BID2446
AID191,BID664
AID191,BID869
AID192,BID2000
AID192,BID3670
AID192,BID3750
AID193,BID2454
AID193,BID40
AID193,BID4691
AID194,BID1814
AID194,BID5950
AID194,BID5977
AID195,BID250
AID195,BID2988
AID195,BID3136
AID196,BID2722
AID196,BID3675
AID196,BID4225
AID197,BID2986
AID197,BID4854
AID197,BID5720
AID198,BID2269
AID198,BID2765
AID198,BID5786
AID199,BID2984
AID199,BID3514
AID199,BID4124
AID200,BID3351
AID200,BID4041
AID200,BID4168
AID201,BID1143
AID201,BID3410
AID201,BID424
AID202,BID1497
AID202,BID403
AID202,BID4687
AID203,BID2628
AID203,BID3753
AID203,BID417
AID204,BID2296
AID204,BID5619
AID204,BID5696
AID205,BID1744
AID205,BID2684
AID205,BID4664
AID206,BID1560
AID206,BID1964
AID206,BID5720
AID207,BID1225
AID207,BID2160
AID207,BID5095
AID208,BID1542
AID208,BID1701
AID208,BID4513
AID209,BID3381
AID209,BID4657
AID209,BID673
AID210,BID1105
AID210,BID5869
AID210,BID843
AID211,BID1012
AID211,BID3945
AID211,BID4056
AID212,BID2579
AID212,BID3691
AID212,BID495
AID213,BID1692
AID213,BID3670
AID213,BID4445
AID214,BID232
AID214,BID546
AID214,BID5883
AID215,BID1234
AID215,BID5021
AID215,BID5104
AID216,BID2636
AID216,BID2919
AID216,BID3692
AID217,BID2376
AID217,BID2471
AID217,BID623
AID218,BID255
AID218,BID4147
AID218,BID4216
AID219,BID1049
AID219,BID3006
AID219,BID5739
AID220,BID362
AID220,BID4484
AID220,BID5948
AID221,BID1347
AID221,BID2724
AID221,BID2976
AID222,BID4953
AID222,BID5122
AID222,BID795
AID223,BID1368
AID223,BID1636
AID223,BID2206
AID224,BID1890
AID224,BID2897
AID224,BID5346
AID225,BID2212
AID225,BID2233
AID225,BID2801
AID226,BID1693
AID226,BID3822
AID226,BID3964
AID227,BID1130
AID227,BID3688
AID227,BID4483
AID228,BID3853
AID228,BID4412
AID228,BID5259
AID229,BID1801
AID229,BID5588
AID229,BID573
AID230,BID194
AID230,BID4210
AID230,BID5863
AID231,BID1320
AID231,BID2904
AID231,BID3963
AID232,BID1207
AID232,BID5829
AID232,BID682
AID233,BID1046
AID233,BID2082
AID233,BID4146
AID234,BID2081
AID234,BID2486
AID234,BID5549
AID235,BID2554
AID235,BID3287
AID235,BID980
AID236,BID2545
AID236,BID3253
AID236,BID3512
AID237,BID3422
AID237,BID4398
AID237,BID4716
AID238,BID2592
AID238,BID2666
AID238,BID5145
AID239,BID3210
AID239,BID5070
AID239,BID5427
AID240,BID1093
AID240,BID1347
AID240,BID4076
AID241,BID2023
AID241,BID370
AID241,BID4429
AID242,BID104
AID242,BID2543
AID242,BID3285
AID243,BID1037
AID243,BID452
AID243,BID4660
AID244,BID4973
AID244,BID5930
AID244,BID87
AID245,BID340
AID245,BID4727
AID245,BID5909
AID246,BID1037
AID246,BID4871
AID246,BID4900
AID247,BID1377
AID247,BID1811
AID247,BID3118
AID248,BID3134
AID248,BID3800
AID248,BID5688
AID249,BID1963
AID249,BID4743
AID249,BID5363
AID250,BID409
AID250,BID5332
AID250,BID5370
AID251,BID1831
AID251,BID2755
AID251,BID606
AID252,BID1546
AID252,BID3373
AID252,BID4790
AID253,BID3245
AID253,BID44
AID253,BID4902
AID254,BID1386
AID254,BID1660
AID254,BID5680
AID255,BID3622
AID255,BID521
AID255,BID867
AID256,BID1256
AID256,BID2508
AID256,BID4328
AID257,BID1788
AID257,BID3328
AID257,BID4062
AID258,BID1029
AID258,BID2108
AID258,BID2155
AID259,BID1802
AID259,BID1872
AID259,BID2032
AID260,BID4971
AID260,BID5521
AID260,BID5967
AID261,BID1615
AID261,BID3260
AID261,BID5134
AID262,BID1177
AID262,BID5132
AID262,BID5781
AID263,BID2394
AID263,BID3029
AID263,BID849
AID264,BID3519
AID264,BID4123
AID264,BID4584
AID265,BID2954
AID265,BID3690
AID265,BID5584
AID266,BID1235
AID266,BID1659
AID266,BID3635
AID267,BID3405
AID267,BID464
AID267,BID5784
AID268,BID1598
AID268,BID241
AID268,BID5908
AID269,BID1867
AID269,BID3873
AID269,BID39
AID270,BID134
AID270,BID2733
AID270,BID824
AID271,BID182
AID271,BID4589
AID271,BID5428
AID272,BID2620
AID272,BID4297
AID272,BID4343
AID273,BID1624
AID273,BID2064
AID273,BID2303
AID274,BID188
AID274,BID288
AID274,BID3427
AID275,BID5111
AID275,BID5385
AID275,BID5883
AID276,BID1194
AID276,BID1888
AID276,BID4188
AID277,BID1218
AID277,BID2720
AID277,BID471
AID278,BID2374
AID278,BID3157
AID278,BID3822
AID279,BID1635
AID279,BID2594
AID279,BID2838
AID280,BID1057
AID280,BID3596
AID280,BID3926
AID281,BID2055
AID281,BID3250
AID281,BID387
AID282,BID1435
AID282,BID2980
AID282,BID3450
AID283,BID2097
AID283,BID4075
AID283,BID845
AID284,BID2649
AID284,BID3579
AID284,BID4601
AID285,BID3380
AID285,BID3678
AID285,BID5988
AID286,BID1156
AID286,BID1202
AID286,BID2405
AID287,BID1862
AID287,BID2923
AID287,BID5237
AID288,BID2348
AID288,BID4483
AID288,BID695
AID289,BID1285
AID289,BID4852
AID289,BID5665
AID290,BID2672
AID290,BID4064
AID290,BID4311
AID291,BID2577
AID291,BID2915
AID291,BID3393
AID292,BID1857
AID292,BID3875
AID292,BID5113
AID293,BID1864
AID293,BID196
AID293,BID3201
AID294,BID2644
AID294,BID5160
AID294,BID78
AID295,BID1816
AID295,BID2769
AID295,BID4341
AID296,BID1719
AID296,BID4160
AID296,BID7
AID297,BID1345
AID297,BID508
AID297,BID5968
AID298,BID3349
AID298,BID4376
AID298,BID4745
AID299,BID3088
AID299,BID411
AID299,BID4200
AID300,BID203
AID300,BID30
AID300,BID4495
AID301,BID2117
AID301,BID3825
AID301,BID5953
AID302,BID1542
AID302,BID3721
AID302,BID4598
AID303,BID3487
AID303,BID4450
AID303,BID5090
AID304,BID5024
AID304,BID5518
AID304,BID697
AID305,BID10
AID305,BID1597
AID305,BID3026
AID306,BID1140
AID306,BID1891
AID306,BID3885
AID307,BID2236
AID307,BID5714
AID307,BID622
AID308,BID1518
AID308,BID2966
AID308,BID683
AID309,BID1159
AID309,BID1854
AID309,BID926
AID310,BID4436
AID310,BID4615
AID310,BID606
AID311,BID137
AID311,BID4154
AID311,BID454
AID312,BID2644
AID312,BID3178
AID312,BID5391
AID313,BID2966
AID313,BID3601
AID313,BID4977
AID314,BID1826
AID314,BID4207
AID314,BID5472
AID315,BID1864
AID315,BID3483
AID315,BID3520
AID316,BID1869
AID316,BID2393
AID316,BID5724
AID317,BID4414
AID317,BID4715
AID317,BID5813
AID318,BID1237
AID318,BID28
AID318,BID2846
AID319,BID3367
AID319,BID5963
AID319,BID727
AID320,BID330
AID320,BID4749
AID320,BID5203
AID321,BID40
AID321,BID759
AID321,BID851
AID322,BID1997
AID322,BID4952
AID322,BID5034
AID323,BID2897
AID323,BID309
AID323,BID5054
AID324,BID4414
AID324,BID4719
AID324,BID4779
AID325,BID4083
AID325,BID5914
AID325,BID845
AID326,BID1630
AID326,BID3980
AID326,BID4545
AID327,BID1596
AID327,BID3382
AID327,BID801
AID328,BID4410
AID328,BID5785
AID328,BID680
AID329,BID1317
AID329,BID137
AID329,BID4991
AID330,BID3115
AID330,BID4446
AID330,BID5563
AID331,BID3103
AID331,BID4942
AID331,BID804
AID332,BID2695
AID332,BID4721
AID332,BID914
AID333,BID2182
AID333,BID2473
AID333,BID4570
AID334,BID2480
AID334,BID4590
AID334,BID5765
AID335,BID1460
AID335,BID33
AID335,BID4543
AID336,BID4967
AID336,BID5222
AID336,BID84
AID337,BID1689
AID337,BID1993
AID337,BID4811
AID338,BID1505
AID338,BID2557
AID338,BID5167
AID339,BID3777
AID339,BID4285
AID339,BID630
AID340,BID1733
AID340,BID2031
AID340,BID445
AID341,BID1545
AID341,BID2102
AID341,BID2731
AID342,BID1053
AID342,BID2008
AID342,BID5843
AID343,BID1937
AID343,BID2536
AID343,BID3230
AID344,BID4273
AID344,BID5232
AID344,BID5866
AID345,BID2588
AID345,BID4691
AID345,BID552
AID346,BID2374
AID346,BID3866
AID346,BID939
AID347,BID2064
AID347,BID2367
AID347,BID619
AID348,BID2137
AID348,BID2978
AID348,BID3124
AID349,BID1454
AID349,BID2902
AID349,BID815
AID350,BID2471
AID350,BID2674
AID350,BID5567
AID351,BID2761
AID351,BID4103
AID351,BID918
AID352,BID2961
AID352,BID3284
AID352,BID59
AID353,BID1751
AID353,BID257
AID353,BID3006
AID354,BID1821
AID354,BID3022
AID354,BID3177
AID355,BID1852
AID355,BID2282
AID355,BID5929
AID356,BID195
AID356,BID3252
AID356,BID5907
AID357,BID2375
AID357,BID3589
AID357,BID776
AID358,BID2418
AID358,BID3050
AID358,BID4723
AID359,BID2462
AID359,BID3271
AID359,BID3549
AID360,BID1590
AID360,BID5016
AID360,BID5930
AID361,BID2616
AID361,BID4603
AID361,BID5240
AID362,BID2588
AID362,BID4089
AID362,BID477
AID363,BID1925
AID363,BID30
AID363,BID5642
AID364,BID1960
AID364,BID4409
AID364,BID5358
AID365,BID1727
AID365,BID2530
AID365,BID4675
AID366,BID2201
AID366,BID2289
AID366,BID3526
AID367,BID13
AID367,BID4372
AID367,BID5346
AID368,BID2429
AID368,BID3685
AID368,BID4783
AID369,BID280
AID369,BID506
AID369,BID668
AID370,BID106
AID370,BID2242
AID370,BID4139
AID371,BID1568
AID371,BID3166
AID371,BID5344
AID372,BID3495
AID372,BID460
AID372,BID5869
AID373,BID1632
AID373,BID2779
AID373,BID861
AID374,BID2
AID374,BID3744
AID374,BID5000
AID375,BID35
AID375,BID4423
AID375,BID5514
AID376,BID5456
AID376,BID5533
AID376,BID5756
AID377,BID1646
AID377,BID165
AID377,BID2769
AID378,BID2200
AID378,BID4926
AID378,BID5136
AID379,BID2770
AID379,BID4189
AID379,BID5875
AID380,BID2221
AID380,BID4337
AID380,BID67
AID381,BID1439
AID381,BID2836
AID381,BID4470
AID382,BID3012
AID382,BID3595
AID382,BID4792
AID383,BID1183
AID383,BID4450
AID383,BID5474
AID384,BID2795
AID384,BID4137
AID384,BID5475
AID385,BID2305
AID385,BID4435
AID385,BID5430
AID386,BID3298
AID386,BID4398
AID386,BID508
AID387,BID1102
AID387,BID1510
AID387,BID2724
AID388,BID1816
AID388,BID4023
AID388,BID5475
AID389,BID2123
AID389,BID3304
AID389,BID4179
AID390,BID3306
AID390,BID4914
AID390,BID967
AID391,BID1432
AID391,BID3154
AID391,BID5252
AID392,BID2607
AID392,BID3296
AID392,BID4717
AID393,BID3223
AID393,BID5524
AID393,BID5688
AID394,BID2244
AID394,BID4476
AID394,BID4902
AID395,BID3781
AID395,BID5510
AID395,BID631
AID396,BID1122
AID396,BID2340
AID396,BID4833
AID397,BID1288
AID397,BID4465
AID397,BID5594
AID398,BID5575
AID398,BID5726
AID398,BID720
AID399,BID1333
AID399,BID3761
AID399,BID4880
AID400,BID3598
AID400,BID4638
AID400,BID5156
AID401,BID1163
AID401,BID2325
AID401,BID3908
AID402,BID1272
AID402,BID2981
AID402,BID406
AID403,BID2162
AID403,BID2276
AID403,BID3867
AID404,BID1651
AID404,BID4125
AID404,BID4307
AID405,BID1529
AID405,BID2602
AID405,BID392
AID406,BID2277
AID406,BID2931
AID406,BID2946
AID407,BID2321
AID407,BID2440
AID407,BID3611
AID408,BID1309
AID408,BID1355
AID408,BID3063
AID409,BID100
AID409,BID2727
AID409,BID5950
AID410,BID1120
AID410,BID2863
AID410,BID686
AID411,BID262
AID411,BID3552
AID411,BID5183
AID412,BID2929
AID412,BID5481
AID412,BID5969
AID413,BID1509
AID413,BID2130
AID413,BID2438
AID414,BID1114
AID414,BID3246
AID414,BID4487
AID415,BID2512
AID415,BID4037
AID415,BID516
AID416,BID139
AID416,BID3547
AID416,BID357
AID417,BID2211
AID417,BID2404
AID417,BID3818
AID418,BID165
AID418,BID2549
AID418,BID822
AID419,BID1135
AID419,BID259
AID419,BID4848
AID420,BID2754
AID420,BID371
AID420,BID3938
AID421,BID1834
AID421,BID3028
AID421,BID4220
AID422,BID2559
AID422,BID334
AID422,BID4235
AID423,BID1665
AID423,BID5695
AID423,BID5838
AID424,BID1354
AID424,BID4254
AID424,BID5013
AID425,BID1466
AID425,BID4887
AID425,BID781
AID426,BID3020
AID426,BID4073
AID426,BID660
AID427,BID414
AID427,BID4729
AID427,BID5723
AID428,BID1206
AID428,BID4254
AID428,BID5886
AID429,BID2544
AID429,BID2616
AID429,BID4965
AID430,BID2924
AID430,BID3221
AID430,BID4136
AID431,BID1592
AID431,BID5691
AID431,BID5816
AID432,BID3448
AID432,BID5207
AID432,BID5414
AID433,BID2441
AID433,BID3665
AID433,BID5688
AID434,BID3903
AID434,BID4721
AID434,BID693
AID435,BID2520
AID435,BID5535
AID435,BID878
AID436,BID1664
AID436,BID2094
AID436,BID5511
AID437,BID328
AID437,BID5009
AID437,BID5373
AID438,BID4378
AID438,BID5194
AID438,BID5602
AID439,BID3927
AID439,BID4079
AID439,BID4523
AID440,BID1164
AID440,BID1751
AID440,BID767
AID441,BID4174
AID441,BID4983
AID441,BID5828
AID442,BID1223
AID442,BID920
AID442,BID947
AID443,BID2913
AID443,BID3156
AID443,BID4768
AID444,BID2257
AID444,BID3061
AID444,BID4932
AID445,BID2096
AID445,BID4893
AID445,BID5172
AID446,BID186
AID446,BID2335
AID446,BID3625
AID447,BID4049
AID447,BID571
AID447,BID901
AID448,BID2838
AID448,BID4580
AID448,BID5468
AID449,BID4421
AID449,BID4438
AID449,BID5676
AID450,BID1161
AID450,BID4410
AID450,BID5354
AID451,BID3482
AID451,BID5027
AID451,BID5049
AID452,BID3042
AID452,BID3765
AID452,BID5914
AID453,BID2404
AID453,BID494
AID453,BID5708
AID454,BID1242
AID454,BID1326
AID454,BID223
AID455,BID1217
AID455,BID4756
AID455,BID963
AID456,BID2968
AID456,BID3281
AID456,BID5674
AID457,BID3441
AID457,BID3829
AID457,BID5213
AID458,BID1141
AID458,BID2782
AID458,BID5717
AID459,BID1468
AID459,BID5517
AID459,BID676
AID460,BID2769
AID460,BID4384
AID460,BID4510
AID461,BID2057
AID461,BID3361
AID461,BID3636
AID462,BID1087
AID462,BID2459
AID462,BID4643
AID463,BID1189
AID463,BID3623
AID463,BID3655
AID464,BID3050
AID464,BID4827
AID464,BID677
AID465,BID2013
AID465,BID2471
AID465,BID3827
AID466,BID1264
AID466,BID235
AID466,BID3046
AID467,BID2171
AID467,BID2746
AID467,BID796
AID468,BID1407
AID468,BID3278
AID468,BID3963
AID469,BID1813
AID469,BID1946
AID469,BID3337
AID470,BID1726
AID470,BID2487
AID470,BID2904
AID471,BID12
AID471,BID2648
AID471,BID3168
AID472,BID2632
AID472,BID563
AID472,BID807
AID473,BID2961
AID473,BID3297
AID473,BID5913
AID474,BID1039
AID474,BID4978
AID474,BID5426
AID475,BID1614
AID475,BID2732
AID475,BID4419
AID476,BID3320
AID476,BID5009
AID476,BID5509
AID477,BID1446
AID477,BID3761
AID477,BID4589
AID478,BID2599
AID478,BID3264
AID478,BID4367
AID479,BID259
AID479,BID5448
AID479,BID5934
AID480,BID4060
AID480,BID4340
AID480,BID4496
AID481,BID2953
AID481,BID5432
AID481,BID550
AID482,BID2627
AID482,BID34
AID482,BID4670
AID483,BID1661
AID483,BID5293
AID483,BID942
AID484,BID4166
AID484,BID5722
AID484,BID825
AID485,BID1927
AID485,BID5203
AID485,BID884
AID486,BID3491
AID486,BID5033
AID486,BID5123
AID487,BID5031
AID487,BID515
AID487,BID5300
AID488,BID2550
AID488,BID5744
AID488,BID636
AID489,BID442
AID489,BID5042
AID489,BID5231
AID490,BID4057
AID490,BID4940
AID490,BID728
AID491,BID3625
AID491,BID455
AID491,BID5670
AID492,BID1154
AID492,BID2012
AID492,BID4411
AID493,BID1173
AID493,BID207
AID493,BID5287
AID494,BID3046
AID494,BID4030
AID494,BID564
AID495,BID175
AID495,BID4529
AID495,BID5539
AID496,BID1956
AID496,BID5331
AID496,BID5578
AID497,BID3211
AID497,BID5450
AID497,BID5794
AID498,BID1525
AID498,BID2308
AID498,BID2414
AID499,BID4083
AID499,BID5278
AID499,BID975
AID500,BID3895
AID500,BID5294
AID500,BID5766
AID501,BID2810
AID501,BID2880
AID501,BID4329
AID502,BID3141
AID502,BID3370
AID502,BID3790
AID503,BID1993
AID503,BID3257
AID503,BID96
AID504,BID1526
AID504,BID2442
AID504,BID5469
AID505,BID1961
AID505,BID3427
AID505,BID4359
AID506,BID1728
AID506,BID2129
AID506,BID3779
AID507,BID1095
AID507,BID2363
AID507,BID3866
AID508,BID2459
AID508,BID5215
AID508,BID5600
AID509,BID1356
AID509,BID2498
AID509,BID4396
AID510,BID203
AID510,BID5541
AID510,BID5887
AID511,BID1315
AID511,BID2165
AID511,BID3351
AID512,BID2081
AID512,BID3603
AID512,BID5450
AID513,BID2408
AID513,BID2603
AID513,BID3674
AID514,BID2947
AID514,BID3340
AID514,BID5831
AID515,BID2418
AID515,BID3896
AID515,BID4693
AID516,BID4309
AID516,BID4737
AID516,BID5514
AID517,BID2725
AID517,BID2814
AID517,BID3210
AID518,BID3062
AID518,BID3234
AID518,BID4896
AID519,BID2020
AID519,BID3457
AID519,BID5336
AID520,BID2027
AID520,BID2529
AID520,BID441
AID521,BID1230
AID521,BID4389
AID521,BID879
AID522,BID1665
AID522,BID4540
AID522,BID5168
AID523,BID1450
AID523,BID3096
AID523,BID5090
AID524,BID1192
AID524,BID1602
AID524,BID1940
AID525,BID2367
AID525,BID4073
AID525,BID5005
AID526,BID4892
AID526,BID496
AID526,BID5757
AID527,BID2334
AID527,BID2433
AID527,BID4428
AID528,BID1549
AID528,BID3118
AID528,BID5315
AID529,BID1039
AID529,BID311
AID529,BID3525
AID530,BID4119
AID530,BID5402
AID530,BID571
AID531,BID4703
AID531,BID4857
AID531,BID998
AID532,BID1130
AID532,BID1260
AID532,BID4497
AID533,BID3831
AID533,BID499
AID533,BID570
AID534,BID2746
AID534,BID4372
AID534,BID5578
AID535,BID140
AID535,BID3051
AID535,BID4076
AID536,BID1482
AID536,BID1919
AID536,BID2989
AID537,BID2995
AID537,BID4546
AID537,BID4566
AID538,BID5605
AID538,BID931
AID538,BID95
AID539,BID108
AID539,BID1719
AID539,BID3654
AID540,BID1071
AID540,BID1599
AID540,BID220
AID541,BID2974
AID541,BID2994
AID541,BID5472
AID542,BID2144
AID542,BID3456
AID542,BID4272
AID543,BID3958
AID543,BID4884
AID543,BID647
AID544,BID2388
AID544,BID3210
AID544,BID411
AID545,BID1340
AID545,BID2652
AID545,BID387
AID546,BID5679
AID546,BID5954
AID546,BID772
AID547,BID2428
AID547,BID3736
AID547,BID5609
AID548,BID1047
AID548,BID3376
AID548,BID4024
AID549,BID3796
AID549,BID5376
AID549,BID5551
AID550,BID2219
AID550,BID5519
AID550,BID5565
AID551,BID1733
AID551,BID537
AID551,BID951
AID552,BID1558
AID552,BID1639
AID552,BID3967
AID553,BID3136
AID553,BID4174
AID553,BID5192
AID554,BID3162
AID554,BID4135
AID554,BID5847
AID555,BID2630
AID555,BID2948
AID555,BID3167
AID556,BID1171
AID556,BID1696
AID556,BID3952
AID557,BID2200
AID557,BID2224
AID557,BID317
AID558,BID1813
AID558,BID3341
AID558,BID780
AID559,BID162
AID559,BID2705
AID559,BID5902
AID560,BID1734
AID560,BID3270
AID560,BID3633
AID561,BID1147
AID561,BID28
AID561,BID3882
AID562,BID1378
AID562,BID2591
AID562,BID3222
AID563,BID1128
AID563,BID1829
AID563,BID4638
AID564,BID1014
AID564,BID313
AID564,BID340
AID565,BID1340
AID565,BID1862
AID565,BID2066
AID566,BID2184
AID566,BID2919
AID566,BID974
AID567,BID2319
AID567,BID4
AID567,BID5855
AID568,BID4923
AID568,BID5124
AID568,BID5203
AID569,BID2642
AID569,BID2691
AID569,BID4843
AID570,BID3529
AID570,BID5112
AID570,BID5180
AID571,BID106
AID571,BID3243
AID571,BID4480
AID572,BID2890
AID572,BID4336
AID572,BID5456
AID573,BID1747
AID573,BID2797
AID573,BID5528
AID574,BID2179
AID574,BID3531
AID574,BID367
AID575,BID203
AID575,BID4984
AID575,BID720
AID576,BID4731
AID576,BID5367
AID576,BID5970
AID577,BID2723
AID577,BID4293
AID577,BID5101
AID578,BID1539
AID578,BID3645
AID578,BID4733
AID579,BID1672
AID579,BID2033
AID579,BID5791
AID580,BID1392
AID580,BID456
AID580,BID813
AID581,BID3608
AID581,BID4730
AID581,BID597
AID582,BID3615
AID582,BID4050
AID582,BID461
AID583,BID2339
AID583,BID4797
AID583,BID5924
AID584,BID1766
AID584,BID2126
AID584,BID2808
AID585,BID310
AID585,BID4754
AID585,BID5280
AID586,BID2812
AID586,BID4192
AID586,BID856
AID587,BID1269
AID587,BID2356
AID587,BID3174
AID588,BID1682
AID588,BID2051
AID588,BID2623
AID589,BID5163
AID589,BID679
AID589,BID943
AID590,BID4396
AID590,BID476
AID590,BID950
AID591,BID4177
AID591,BID454
AID591,BID5114
AID592,BID1858
AID592,BID4694
AID592,BID4729
AID593,BID1076
AID593,BID5111
AID593,BID5550
AID594,BID2105
AID594,BID3744
AID594,BID968
AID595,BID3849
AID595,BID5361
AID595,BID5364
AID596,BID107
AID596,BID2957
AID596,BID3195
AID597,BID3736
AID597,BID4428
AID597,BID5952
AID598,BID3675
AID598,BID5425
AID598,BID5872
AID599,BID2822
AID599,BID5473
AID599,BID5566
AID600,BID1415
AID600,BID483
AID600,BID5021
AID601,BID1561
AID601,BID3472
AID601,BID4399
AID602,BID1593
AID602,BID4597
AID602,BID5363
AID603,BID3998
AID603,BID5214
AID603,BID656
AID604,BID1216
AID604,BID2020
AID604,BID417
AID605,BID1572
AID605,BID239
AID605,BID5129
AID606,BID2116
AID606,BID2200
AID606,BID2625
AID607,BID5033
AID607,BID514
AID607,BID901
AID608,BID3419
AID608,BID402
AID608,BID476
AID609,BID2548
AID609,BID4503
AID609,BID836
AID610,BID4045
AID610,BID4428
AID610,BID742
AID611,BID1471
AID611,BID2347
AID611,BID5444
AID612,BID112
AID612,BID5520
AID612,BID726
AID613,BID2124
AID613,BID3122
AID613,BID4204
AID614,BID2148
AID614,BID4886
AID614,BID5180
AID615,BID1958
AID615,BID370
AID615,BID4085
AID616,BID1267
AID616,BID277
AID616,BID5162
AID617,BID1728
AID617,BID2095
AID617,BID3226
AID618,BID4773
AID618,BID5025
AID618,BID5495
AID619,BID3010
AID619,BID4708
AID619,BID5051
AID620,BID1534
AID620,BID4123
AID620,BID769
AID621,BID2146
AID621,BID4933
AID621,BID5400
AID622,BID1857
AID622,BID220
AID622,BID907
AID623,BID1017
AID623,BID1034
AID623,BID2733
AID624,BID2770
AID624,BID2877
AID624,BID3537
AID625,BID2732
AID625,BID4084
AID625,BID4595
AID626,BID4010
AID626,BID4137
AID626,BID4897
AID627,BID1102
AID627,BID1695
AID627,BID2398
AID628,BID1209
AID628,BID1818
AID628,BID4598
AID629,BID1773
AID629,BID488
AID629,BID5716
AID630,BID311
AID630,BID3995
AID630,BID483
AID631,BID1078
AID631,BID3549
AID631,BID5968
AID632,BID1665
AID632,BID4249
AID632,BID4936
AID633,BID3141
AID633,BID390
AID633,BID420
AID634,BID323
AID634,BID549
AID634,BID5725
AID635,BID1384
AID635,BID4721
AID635,BID5112
AID636,BID1312
AID636,BID5439
AID636,BID590
AID637,BID2023
AID637,BID3215
AID637,BID5199
AID638,BID3022
AID638,BID5226
AID638,BID5437
AID639,BID2255
AID639,BID2460
AID639,BID2928
AID640,BID278
AID640,BID3086
AID640,BID4226
AID641,BID1788
AID641,BID4519
AID641,BID4930
AID642,BID3536
AID642,BID5136
AID642,BID5223
AID643,BID232
AID643,BID3071
AID643,BID5036
AID644,BID2071
AID644,BID2463
AID644,BID4957
AID645,BID4202
AID645,BID4351
AID645,BID4356
AID646,BID1524
AID646,BID4329
AID646,BID5964
AID647,BID3569
AID647,BID3854
AID647,BID3997
AID648,BID2329
AID648,BID3205
AID648,BID4615
AID649,BID2401
AID649,BID3159
AID649,BID5828
AID650,BID1206
AID650,BID290
AID650,BID74
AID651,BID4489
AID651,BID4744
AID651,BID5071
AID652,BID2811
AID652,BID3659
AID652,BID5776
AID653,BID2045
AID653,BID2806
AID653,BID944
AID654,BID1361
AID654,BID4923
AID654,BID509
AID655,BID3108
AID655,BID3972
AID655,BID4600
AID656,BID1238
AID656,BID2559
AID656,BID3391
AID657,BID3573
AID657,BID5218
AID657,BID5272
AID658,BID3820
AID658,BID4809
AID658,BID5625
AID659,BID1124
AID659,BID4506
AID659,BID4544
AID660,BID1505
AID660,BID1770
AID660,BID2100
AID661,BID2256
AID661,BID4387
AID661,BID5426
AID662,BID5558
AID662,BID5658
AID662,BID786
AID663,BID2273
AID663,BID4066
AID663,BID4965
AID664,BID147
AID664,BID5140
AID664,BID949
AID665,BID2442
AID665,BID4067
AID665,BID4169
AID666,BID1001
AID666,BID4143
AID666,BID4708
AID667,BID1188
AID667,BID3937
AID667,BID4320
AID668,BID2420
AID668,BID5173
AID668,BID5184
AID669,BID4320
AID669,BID5192
AID669,BID5945
AID670,BID1459
AID670,BID2777
AID670,BID4164
AID671,BID1914
AID671,BID3694
AID671,BID5290
AID672,BID1563
AID672,BID1871
AID672,BID2750
AID673,BID3787
AID673,BID5141
AID673,BID5414
AID674,BID1624
AID674,BID3856
AID674,BID494
AID675,BID2021
AID675,BID5298
AID675,BID890
AID676,BID1150
AID676,BID3386
AID676,BID4166
AID677,BID2684
AID677,BID3427
AID677,BID5202
AID678,BID344
AID678,BID4048
AID678,BID733
AID679,BID3474
AID679,BID538
AID679,BID5883
AID680,BID5893
AID680,BID5983
AID680,BID633
AID681,BID2160
AID681,BID2263
AID681,BID2483
AID682,BID1093
AID682,BID1174
AID682,BID3108
AID683,BID1806
AID683,BID4332
AID683,BID940
AID684,BID2846
AID684,BID3822
AID684,BID383
AID685,BID2892
AID685,BID2934
AID685,BID5460
AID686,BID1913
AID686,BID4811
AID686,BID5126
AID687,BID2126
AID687,BID2797
AID687,BID3601
AID688,BID2983
AID688,BID5654
AID688,BID766
AID689,BID149
AID689,BID228
AID689,BID5511
AID690,BID3769
AID690,BID3867
AID690,BID3893
AID691,BID2237
AID691,BID2290
AID691,BID5415
AID692,BID3248
AID692,BID5051
AID692,BID5565
AID693,BID1219
AID693,BID1874
AID693,BID3920
AID694,BID1018
AID694,BID1660
AID694,BID4771
AID695,BID1163
AID695,BID1371
AID695,BID2220
AID696,BID2165
AID696,BID4901
AID696,BID546
AID697,BID2680
AID697,BID4380
AID697,BID987
AID698,BID4424
AID698,BID5603
AID698,BID86
AID699,BID1645
AID699,BID3332
AID699,BID832
AID700,BID1757
AID700,BID3361
AID700,BID4408
AID701,BID2256
AID701,BID4382
AID701,BID659
AID702,BID3317
AID702,BID3550
AID702,BID4970
AID703,BID1008
AID703,BID1088
AID703,BID2310
AID704,BID1442
AID704,BID2680
AID704,BID4060
AID705,BID1236
AID705,BID1352
AID705,BID729
AID706,BID2198
AID706,BID3476
AID706,BID5346
AID707,BID2025
AID707,BID3368
AID707,BID4498
AID708,BID2995
AID708,BID5643
AID708,BID845
AID709,BID2992
AID709,BID3123
AID709,BID917
AID710,BID5328
AID710,BID5677
AID710,BID710
AID711,BID2452
AID711,BID3718
AID711,BID4707
AID712,BID3670
AID712,BID4372
AID712,BID838
AID713,BID1682
AID713,BID5607
AID713,BID959
AID714,BID1015
AID714,BID1137
AID714,BID321
AID715,BID2463
AID715,BID3096
AID715,BID4130
AID716,BID2012
AID716,BID4183
AID716,BID672
AID717,BID1624
AID717,BID422
AID717,BID4471
AID718,BID3679
AID718,BID5061
AID718,BID5122
AID719,BID1856
AID719,BID2847
AID719,BID5075
AID720,BID3018
AID720,BID3684
AID720,BID4448
AID721,BID3175
AID721,BID5528
AID721,BID5866
AID722,BID1379
AID722,BID4873
AID722,BID4908
AID723,BID1036
AID723,BID2232
AID723,BID366
AID724,BID3782
AID724,BID4519
AID724,BID61
AID725,BID379
AID725,BID5004
AID725,BID5626
AID726,BID3012
AID726,BID4730
AID726,BID5543
AID727,BID1313
AID727,BID5393
AID727,BID5732
AID728,BID1111
AID728,BID1165
AID728,BID138
AID729,BID1251
AID729,BID1819
AID729,BID3661
AID730,BID1325
AID730,BID3634
AID730,BID4480
AID731,BID2267
AID731,BID255
AID731,BID4161
AID732,BID1091
AID732,BID3078
AID732,BID5380
AID733,BID4730
AID733,BID4977
AID733,BID5836
AID734,BID2407
AID734,BID5266
AID734,BID65
AID735,BID1103
AID735,BID2541
AID735,BID3235
AID736,BID1546
AID736,BID2512
AID736,BID4636
AID737,BID1973
AID737,BID2029
AID737,BID2981
AID738,BID3667
AID738,BID5083
AID738,BID5789
AID739,BID3853
AID739,BID578
AID739,BID734
AID740,BID1230
AID740,BID1800
AID740,BID292
AID741,BID1244
AID741,BID2582
AID741,BID2998
AID742,BID1065
AID742,BID197
AID742,BID2242
AID743,BID1012
AID743,BID309
AID743,BID5449
AID744,BID2189
AID744,BID3240
AID744,BID3816
AID745,BID195
AID745,BID2567
AID745,BID4233
AID746,BID215
AID746,BID4711
AID746,BID666
AID747,BID2770
AID747,BID4287
AID747,BID5313
AID748,BID1320
AID748,BID4099
AID748,BID4638
AID749,BID1397
AID749,BID1765
AID749,BID4423
AID750,BID1630
AID750,BID3722
AID750,BID4638
AID751,BID1444
AID751,BID2739
AID751,BID5253
AID752,BID1915
AID752,BID2707
AID752,BID834
AID753,BID2233
AID753,BID4265
AID753,BID935
AID754,BID1839
AID754,BID2253
AID754,BID4759
AID755,BID1538
AID755,BID4134
AID755,BID4311
AID756,BID1813
AID756,BID2656
AID756,BID4307
AID757,BID1575
AID757,BID2432
AID757,BID4191
AID758,BID2185
AID758,BID441
AID758,BID5637
AID759,BID3404
AID759,BID511
AID759,BID539
AID760,BID2725
AID760,BID5362
AID760,BID899
AID761,BID2734
AID761,BID3791
AID761,BID4813
AID762,BID1822
AID762,BID4386
AID762,BID4890
AID763,BID1711
AID763,BID3010
AID763,BID5220
AID764,BID1907
AID764,BID461
AID764,BID690
AID765,BID2673
AID765,BID4255
AID765,BID4702
AID766,BID2664
AID766,BID2770
AID766,BID2845
AID767,BID1102
AID767,BID2856
AID767,BID5322
AID768,BID1730
AID768,BID3402
AID768,BID4815
AID769,BID2749
AID769,BID4116
AID769,BID5431
AID770,BID4687
AID770,BID5129
AID770,BID5806
AID771,BID221
AID771,BID3408
AID771,BID5246
AID772,BID1501
AID772,BID3472
AID772,BID4324
AID773,BID2147
AID773,BID418
AID773,BID908
AID774,BID1170
AID774,BID1285
AID774,BID1801
AID775,BID1229
AID775,BID2144
AID775,BID3787
AID776,BID3374
AID776,BID3941
AID776,BID5421
AID777,BID1145
AID777,BID4761
AID777,BID4846
AID778,BID1314
AID778,BID2475
AID778,BID3750
AID779,BID1867
AID779,BID2301
AID779,BID69
AID780,BID4054
AID780,BID4127
AID780,BID5200
AID781,BID114
AID781,BID5748
AID781,BID622
AID782,BID2047
AID782,BID35
AID782,BID397
AID783,BID2415
AID783,BID4828
AID783,BID702
AID784,BID3731
AID784,BID5913
AID784,BID875
AID785,BID2404
AID785,BID3888
AID785,BID5805
AID786,BID1421
AID786,BID1535
AID786,BID940
AID787,BID1939
AID787,BID2232
AID787,BID4273
AID788,BID124
AID788,BID426
AID788,BID5448
AID789,BID1187
AID789,BID1509
AID789,BID3375
AID790,BID240
AID790,BID2927
AID790,BID4378
AID791,BID304
AID791,BID333
AID791,BID3952
AID792,BID2143
AID792,BID2290
AID792,BID4867
AID793,BID1480
AID793,BID5409
AID793,BID5660
AID794,BID2486
AID794,BID2866
AID794,BID3253
AID795,BID4462
AID795,BID5067
AID795,BID5390
AID796,BID1701
AID796,BID2550
AID796,BID28
AID797,BID3298
AID797,BID3562
AID797,BID5483
AID798,BID1924
AID798,BID344
AID798,BID4821
AID799,BID4698
AID799,BID642
AID799,BID914
AID800,BID1018
AID800,BID2662
AID800,BID4298
AID801,BID2366
AID801,BID4803
AID801,BID5179
AID802,BID331
AID802,BID4799
AID802,BID5231
AID803,BID3621
AID803,BID5534
AID803,BID989
AID804,BID1052
AID804,BID1762
AID804,BID384
AID805,BID3147
AID805,BID3583
AID805,BID5552
AID806,BID1920
AID806,BID3832
AID806,BID4473
AID807,BID1103
AID807,BID5393
AID807,BID544
AID808,BID3706
AID808,BID5013
AID808,BID5587
AID809,BID1932
AID809,BID2129
AID809,BID5225
AID810,BID1377
AID810,BID2600
AID810,BID768
AID811,BID103
AID811,BID1399
AID811,BID3621
AID812,BID2159
AID812,BID5170
AID812,BID5299
AID813,BID1432
AID813,BID2885
AID813,BID367
AID814,BID1521
AID814,BID2291
AID814,BID2771
AID815,BID1694
AID815,BID3410
AID815,BID4576
AID816,BID2935
AID816,BID4905
AID816,BID879
AID817,BID2521
AID817,BID3605
AID817,BID5839
AID818,BID1502
AID818,BID5937
AID818,BID784
AID819,BID1657
AID819,BID4297
AID819,BID5700
AID820,BID1315
AID820,BID1778
AID820,BID4264
AID821,BID1677
AID821,BID2565
AID821,BID4278
AID822,BID3092
AID822,BID3159
AID822,BID4351
AID823,BID1576
AID823,BID3178
AID823,BID836
AID824,BID2461
AID824,BID4441
AID824,BID4540
AID825,BID156
AID825,BID4188
AID825,BID743
AID826,BID1598
AID826,BID4317
AID826,BID974
AID827,BID1883
AID827,BID2614
AID827,BID3520
AID828,BID2194
AID828,BID5208
AID828,BID868
AID829,BID2247
AID829,BID346
AID829,BID932
AID830,BID3541
AID830,BID4270
AID830,BID5390
AID831,BID3001
AID831,BID4317
AID831,BID4869
AID832,BID1949
AID832,BID4786
AID832,BID5284
AID833,BID3428
AID833,BID3644
AID833,BID3828
AID834,BID2002
AID834,BID2291
AID834,BID2662
AID835,BID1266
AID835,BID4295
AID835,BID4653
AID836,BID4722
AID836,BID5004
AID836,BID5760
AID837,BID2630
AID837,BID5668
AID837,BID871
AID838,BID5911
AID838,BID660
AID838,BID835
AID839,BID2038
AID839,BID3847
AID839,BID3975
AID840,BID1061
AID840,BID3274
AID840,BID4631
AID841,BID1996
AID841,BID2440
AID841,BID3433
AID842,BID4265
AID842,BID487
AID842,BID5607
AID843,BID2282
AID843,BID2340
AID843,BID751
AID844,BID1651
AID844,BID2982
AID844,BID3359
AID845,BID1279
AID845,BID3482
AID845,BID4902
AID846,BID1968
AID846,BID2109
AID846,BID2268
AID847,BID3033
AID847,BID4500
AID847,BID5833
AID848,BID1038
AID848,BID143
AID848,BID4501
AID849,BID1600
AID849,BID2941
AID849,BID3825
AID850,BID1646
AID850,BID283
AID850,BID4053
AID851,BID1074
AID851,BID4946
AID851,BID5510
AID852,BID2774
AID852,BID4322
AID852,BID751
AID853,BID2365
AID853,BID3900
AID853,BID4440
AID854,BID1910
AID854,BID2759
AID854,BID3529
AID855,BID2591
AID855,BID5759
AID855,BID5855
AID856,BID4717
AID856,BID5172
AID856,BID5406
AID857,BID1829
AID857,BID2520
AID857,BID3284
AID858,BID320
AID858,BID4553
AID858,BID783
AID859,BID1304
AID859,BID2863
AID859,BID5470
AID860,BID2453
AID860,BID4225
AID860,BID5475
AID861,BID1951
AID861,BID3457
AID861,BID4724
AID862,BID2645
AID862,BID3089
AID862,BID4331
AID863,BID1505
AID863,BID2239
AID863,BID3296
AID864,BID2018
AID864,BID2580
AID864,BID2725
AID865,BID1279
AID865,BID4070
AID865,BID5666
AID866,BID2653
AID866,BID4385
AID866,BID4587
AID867,BID1480
AID867,BID2297
AID867,BID5017
AID868,BID3953
AID868,BID5554
AID868,BID98
AID869,BID3443
AID869,BID4311
AID869,BID5106
AID870,BID2886
AID870,BID4546
AID870,BID57
AID871,BID1054
AID871,BID3327
AID871,BID5911
AID872,BID1083
AID872,BID4812
AID872,BID844
AID873,BID1385
AID873,BID4251
AID873,BID4995
AID874,BID2144
AID874,BID2790
AID874,BID3258
AID875,BID1060
AID875,BID5029
AID875,BID749
AID876,BID2614
AID876,BID5213
AID876,BID5911
AID877,BID1223
AID877,BID4088
AID877,BID5195
AID878,BID4778
AID878,BID4824
AID878,BID5845
AID879,BID1694
AID879,BID2823
AID879,BID4162
AID880,BID1029
AID880,BID2265
AID880,BID3607
AID881,BID5061
AID881,BID539
AID881,BID869
AID882,BID1810
AID882,BID3741
AID882,BID5415
AID883,BID3124
AID883,BID4471
AID883,BID4899
AID884,BID4622
AID884,BID5397
AID884,BID5520
AID885,BID3123
AID885,BID3792
AID885,BID4171
AID886,BID1953
AID886,BID5539
AID886,BID928
AID887,BID3404
AID887,BID3523
AID887,BID5689
AID888,BID1751
AID888,BID3965
AID888,BID4853
AID889,BID3700
AID889,BID3735
AID889,BID4479
AID890,BID3290
AID890,BID5402
AID890,BID763
AID891,BID1027
AID891,BID2775
AID891,BID3636
AID892,BID3811
AID892,BID3922
AID892,BID4249
AID893,BID462
AID893,BID5853
AID893,BID977
AID894,BID337
AID894,BID3696
AID894,BID3822
AID895,BID274
AID895,BID424
AID895,BID4816
AID896,BID3956
AID896,BID4418
AID896,BID5487
AID897,BID1725
AID897,BID5178
AID897,BID5264
AID898,BID2120
AID898,BID2821
AID898,BID3893
AID899,BID2519
AID899,BID2628
AID899,BID5508
AID900,BID1950
AID900,BID4447
AID900,BID5335
AID901,BID2990
AID901,BID3808
AID901,BID5366
AID902,BID1632
AID902,BID2932
AID902,BID3069
AID903,BID3824
AID903,BID3984
AID903,BID5868
AID904,BID3145
AID904,BID373
AID904,BID4457
AID905,BID2405
AID905,BID4248
AID905,BID5116
AID906,BID2715
AID906,BID3520
AID906,BID5591
AID907,BID1334
AID907,BID1354
AID907,BID95
AID908,BID1828
AID908,BID2181
AID908,BID359
AID909,BID3292
AID909,BID5837
AID909,BID895
AID910,BID2999
AID910,BID3250
AID910,BID5733
AID911,BID1455
AID911,BID3591
AID911,BID5072
AID912,BID242
AID912,BID2500
AID912,BID3427
AID913,BID2161
AID913,BID3167
AID913,BID4362
AID914,BID1457
AID914,BID2356
AID914,BID2888
AID915,BID1236
AID915,BID239
AID915,BID5974
AID916,BID1203
AID916,BID4521
AID916,BID5181
AID917,BID1189
AID917,BID3730
AID917,BID5675
AID918,BID1704
AID918,BID2750
AID918,BID3181
AID919,BID2099
AID919,BID5274
AID919,BID579
AID920,BID3939
AID920,BID4587
AID920,BID5602
AID921,BID3016
AID921,BID4230
AID921,BID4941
AID922,BID1031
AID922,BID5214
AID922,BID5552
AID923,BID2741
AID923,BID3559
AID923,BID5150
AID924,BID1288
AID924,BID2099
AID924,BID897
AID925,BID1328
AID925,BID243
AID925,BID258
AID926,BID3125
AID926,BID4332
AID926,BID875
AID927,BID2111
AID927,BID4862
AID927,BID5655
AID928,BID2196
AID928,BID2570
AID928,BID5251
AID929,BID2757
AID929,BID4251
AID929,BID5618
AID930,BID1329
AID930,BID193
AID930,BID1932
AID931,BID2109
AID931,BID4434
AID931,BID5105
AID932,BID1675
AID932,BID2415
AID932,BID3825
AID933,BID1476
AID933,BID2510
AID933,BID733
AID934,BID1660
AID934,BID3539
AID934,BID4963
AID935,BID263
AID935,BID3156
AID935,BID4185
AID936,BID3911
AID936,BID4119
AID936,BID4347
AID937,BID105
AID937,BID5991
AID937,BID60
AID938,BID1408
AID938,BID5323
AID938,BID54
AID939,BID183
AID939,BID4007
AID939,BID5547
AID940,BID2129
AID940,BID3344
AID940,BID831
AID941,BID3326
AID941,BID4084
AID941,BID5564
AID942,BID1209
AID942,BID1364
AID942,BID2608
AID943,BID2235
AID943,BID4823
AID943,BID870
AID944,BID4348
AID944,BID5755
AID944,BID5808
AID945,BID1328
AID945,BID1867
AID945,BID2676
AID946,BID1950
AID946,BID3724
AID946,BID453
AID947,BID2975
AID947,BID3969
AID947,BID5540
AID948,BID1129
AID948,BID1167
AID948,BID1688
AID949,BID2144
AID949,BID2436
AID949,BID3365
AID950,BID1956
AID950,BID4834
AID950,BID5247
AID951,BID4331
AID951,BID4421
AID951,BID514
AID952,BID1484
AID952,BID3293
AID952,BID4216
AID953,BID2420
AID953,BID3448
AID953,BID4703
AID954,BID2731
AID954,BID514
AID954,BID554
AID955,BID4993
AID955,BID5673
AID955,BID5978
AID956,BID2779
AID956,BID3566
AID956,BID3768
AID957,BID1739
AID957,BID5888
AID957,BID834
AID958,BID2128
AID958,BID3289
AID958,BID4370
AID959,BID3969
AID959,BID4851
AID959,BID5257
AID960,BID2026
AID960,BID2391
AID960,BID5622
AID961,BID1947
AID961,BID2480
AID961,BID2923
AID962,BID5764
AID962,BID630
AID962,BID785
AID963,BID2379
AID963,BID4188
AID963,BID5624
AID964,BID2328
AID964,BID4369
AID964,BID5027
AID965,BID3433
AID965,BID3831
AID965,BID4855
AID966,BID4433
AID966,BID4605
AID966,BID884
AID967,BID1073
AID967,BID3316
AID967,BID3844
AID968,BID1335
AID968,BID193
AID968,BID2403
AID969,BID1054
AID969,BID2968
AID969,BID3457
AID970,BID3970
AID970,BID3984
AID970,BID5887
AID971,BID4241
AID971,BID4701
AID971,BID632
AID972,BID2023
AID972,BID2501
AID972,BID5872
AID973,BID2114
AID973,BID3491
AID973,BID4390
AID974,BID2258
AID974,BID5008
AID974,BID5819
AID975,BID3329
AID975,BID3814
AID975,BID5131
AID976,BID2562
AID976,BID3139
AID976,BID3606
AID977,BID2046
AID977,BID3138
AID977,BID466
AID978,BID1524
AID978,BID2124
AID978,BID941
AID979,BID1871
AID979,BID2800
AID979,BID455
AID980,BID2144
AID980,BID2821
AID980,BID894
AID981,BID2240
AID981,BID4073
AID981,BID5711
AID982,BID1439
AID982,BID1999
AID982,BID934
AID983,BID149
AID983,BID2449
AID983,BID3577
AID984,BID1660
AID984,BID2302
AID984,BID3465
AID985,BID3278
AID985,BID4370
AID985,BID4609
AID986,BID1098
AID986,BID1707
AID986,BID4704
AID987,BID1177
AID987,BID1428
AID987,BID5718
AID988,BID2327
AID988,BID3157
AID988,BID3794
AID989,BID4013
AID989,BID4434
AID989,BID890
AID990,BID1564
AID990,BID1995
AID990,BID2621
AID991,BID2113
AID991,BID318
AID991,BID5514
AID992,BID107
AID992,BID1571
AID992,BID555
AID993,BID3658
AID993,BID4794
AID993,BID5256
AID994,BID2008
AID994,BID3491
AID994,BID5859
AID995,BID1371
AID995,BID2699
AID995,BID605
AID996,BID4180
AID996,BID4854
AID996,BID5386
AID997,BID2040
AID997,BID2540
AID997,BID2790
AID998,BID3140
AID998,BID4942
AID998,BID5830
AID999,BID2228
AID999,BID3672
AID999,BID5120
AID1000,BID196
AID1000,BID4053
AID1000,BID4305
AID1001,BID2880
AID1001,BID3593
AID1001,BID5357
AID1002,BID1574
AID1002,BID3578
AID1002,BID5752
AID1003,BID2573
AID1003,BID2679
AID1003,BID277
AID1004,BID3257
AID1004,BID3263
AID1004,BID3398
AID1005,BID162
AID1005,BID4974
AID1005,BID5233
AID1006,BID1978
AID1006,BID3316
AID1006,BID5089
AID1007,BID1896
AID1007,BID4013
AID1007,BID5598
AID1008,BID3357
AID1008,BID3917
AID1008,BID5987
AID1009,BID2907
AID1009,BID5845
AID1009,BID79
AID1010,BID2585
AID1010,BID4370
AID1010,BID5678
AID1011,BID2404
AID1011,BID3146
AID1011,BID4647
AID1012,BID2198
AID1012,BID4915
AID1012,BID5565
AID1013,BID2380
AID1013,BID448
AID1013,BID451
AID1014,BID4013
AID1014,BID5617
AID1014,BID5834
AID1015,BID1099
AID1015,BID1788
AID1015,BID5172
AID1016,BID3397
AID1016,BID3795
AID1016,BID5711
AID1017,BID3308
AID1017,BID4165
AID1017,BID5617
AID1018,BID233
AID1018,BID2893
AID1018,BID433
AID1019,BID2174
AID1019,BID2707
AID1019,BID829
AID1020,BID4363
AID1020,BID4575
AID1020,BID511
AID1021,BID2793
AID1021,BID3676
AID1021,BID5036
AID1022,BID2159
AID1022,BID467
AID1022,BID531
AID1023,BID2819
AID1023,BID3488
AID1023,BID819
AID1024,BID175
AID1024,BID3535
AID1024,BID4255
AID1025,BID1184
AID1025,BID305
AID1025,BID3845
AID1026,BID1495
AID1026,BID2544
AID1026,BID5897
AID1027,BID1744
AID1027,BID1850
AID1027,BID4375
AID1028,BID1505
AID1028,BID5495
AID1028,BID695
AID1029,BID1344
AID1029,BID5797
AID1029,BID5893
AID1030,BID3928
AID1030,BID5620
AID1030,BID5819
AID1031,BID3605
AID1031,BID4299
AID1031,BID99
AID1032,BID1331
AID1032,BID3766
AID1032,BID991
AID1033,BID2963
AID1033,BID4552
AID1033,BID544
AID1034,BID184
AID1034,BID3214
AID1034,BID3996
AID1035,BID1746
AID1035,BID4359
AID1035,BID5373
AID1036,BID1906
AID1036,BID2081
AID1036,BID5621
AID1037,BID2066
AID1037,BID2208
AID1037,BID5843
AID1038,BID3813
AID1038,BID5018
AID1038,BID502
AID1039,BID29
AID1039,BID5776
AID1039,BID5818
AID1040,BID1918
AID1040,BID419
AID1040,BID4429
AID1041,BID1577
AID1041,BID227
AID1041,BID5705
AID1042,BID2828
AID1042,BID338
AID1042,BID5300
AID1043,BID2367
AID1043,BID2582
AID1043,BID3260
AID1044,BID2911
AID1044,BID344
AID1044,BID578
AID1045,BID5332
AID1045,BID5577
AID1045,BID586
AID1046,BID2628
AID1046,BID5698
AID1046,BID887
AID1047,BID1218
AID1047,BID2574
AID1047,BID648
AID1048,BID2261
AID1048,BID2379
AID1048,BID583
AID1049,BID1830
AID1049,BID2487
AID1049,BID689
AID1050,BID2781
AID1050,BID387
AID1050,BID4194
AID1051,BID1178
AID1051,BID1513
AID1051,BID1663
AID1052,BID3031
AID1052,BID563
AID1052,BID871
AID1053,BID1635
AID1053,BID3697
AID1053,BID4974
AID1054,BID1486
AID1054,BID3357
AID1054,BID3585
AID1055,BID26
AID1055,BID299
AID1055,BID3208
AID1056,BID1011
AID1056,BID767
AID1056,BID902
AID1057,BID1579
AID1057,BID1662
AID1057,BID4396
AID1058,BID1556
AID1058,BID2272
AID1058,BID3861
AID1059,BID1263
AID1059,BID2625
AID1059,BID509
AID1060,BID2123
AID1060,BID2177
AID1060,BID981
AID1061,BID5271
AID1061,BID598
AID1061,BID642
AID1062,BID1562
AID1062,BID4054
AID1062,BID4551
AID1063,BID1751
AID1063,BID2464
AID1063,BID4403
AID1064,BID2616
AID1064,BID2844
AID1064,BID4009
AID1065,BID1609
AID1065,BID2988
AID1065,BID771
AID1066,BID1263
AID1066,BID2098
AID1066,BID3425
AID1067,BID3173
AID1067,BID384
AID1067,BID4048
AID1068,BID1294
AID1068,BID1420
AID1068,BID5139
AID1069,BID2278
AID1069,BID2986
AID1069,BID369
AID1070,BID2829
AID1070,BID4035
AID1070,BID43
AID1071,BID1275
AID1071,BID3291
AID1071,BID5875
AID1072,BID1517
AID1072,BID474
AID1072,BID5051
AID1073,BID1621
AID1073,BID5407
AID1073,BID5803
AID1074,BID1647
AID1074,BID5332
AID1074,BID716
AID1075,BID1613
AID1075,BID2846
AID1075,BID4387
AID1076,BID1251
AID1076,BID4143
AID1076,BID835
AID1077,BID1031
AID1077,BID3738
AID1077,BID4682
AID1078,BID129
AID1078,BID1368
AID1078,BID4753
AID1079,BID1238
AID1079,BID2793
AID1079,BID5479
AID1080,BID590
AID1080,BID5959
AID1080,BID822
AID1081,BID1441
AID1081,BID5687
AID1081,BID5691
AID1082,BID15
AID1082,BID1792
AID1082,BID4365
AID1083,BID1844
AID1083,BID3201
AID1083,BID4086
AID1084,BID313
AID1084,BID3477
AID1084,BID4579
AID1085,BID1299
AID1085,BID3021
AID1085,BID4140
AID1086,BID1996
AID1086,BID2026
AID1086,BID3491
AID1087,BID1241
AID1087,BID3828
AID1087,BID5548
AID1088,BID1035
AID1088,BID2145
AID1088,BID3204
AID1089,BID1406
AID1089,BID1837
AID1089,BID4738
AID1090,BID2653
AID1090,BID435
AID1090,BID5419
AID1091,BID4255
AID1091,BID4386
AID1091,BID730
AID1092,BID2434
AID1092,BID4815
AID1092,BID5796
AID1093,BID1001
AID1093,BID2234
AID1093,BID2314
AID1094,BID3466
AID1094,BID4099
AID1094,BID4718
AID1095,BID1726
AID1095,BID2549
AID1095,BID5453
AID1096,BID2422
AID1096,BID2435
AID1096,BID937
AID1097,BID2110
AID1097,BID4829
AID1097,BID5505
AID1098,BID492
AID1098,BID5638
AID1098,BID5879
AID1099,BID3858
AID1099,BID4916
AID1099,BID5682
AID1100,BID4031
AID1100,BID4561
AID1100,BID4746
AID1101,BID3471
AID1101,BID353
AID1101,BID5430
AID1102,BID1699
AID1102,BID3804
AID1102,BID4406
AID1103,BID1947
AID1103,BID2685
AID1103,BID4374
AID1104,BID2195
AID1104,BID4645
AID1104,BID5105
AID1105,BID3675
AID1105,BID4464
AID1105,BID5617
AID1106,BID2239
AID1106,BID4450
AID1106,BID5155
AID1107,BID3013
AID1107,BID4794
AID1107,BID5161
AID1108,BID1793
AID1108,BID2928
AID1108,BID4396
AID1109,BID135
AID1109,BID3048
AID1109,BID4008
AID1110,BID1082
AID1110,BID123
AID1110,BID4535
AID1111,BID3027
AID1111,BID3874
AID1111,BID4473
AID1112,BID2773
AID1112,BID4665
AID1112,BID911
AID1113,BID2373
AID1113,BID2907
AID1113,BID3030
AID1114,BID3409
AID1114,BID4218
AID1114,BID5184
AID1115,BID3389
AID1115,BID3660
AID1115,BID934
AID1116,BID1808
AID1116,BID3107
AID1116,BID4702
AID1117,BID1288
AID1117,BID3341
AID1117,BID5651
AID1118,BID1179
AID1118,BID3792
AID1118,BID4598
AID1119,BID4758
AID1119,BID5530
AID1119,BID97
AID1120,BID1503
AID1120,BID1526
AID1120,BID3793
AID1121,BID2554
AID1121,BID3762
AID1121,BID4136
AID1122,BID4525
AID1122,BID4561
AID1122,BID864
AID1123,BID1286
AID1123,BID663
AID1123,BID858
AID1124,BID3010
AID1124,BID4466
AID1124,BID4719
AID1125,BID142
AID1125,BID2163
AID1125,BID5545
AID1126,BID2692
AID1126,BID5566
AID1126,BID606
AID1127,BID1920
AID1127,BID3414
AID1127,BID5769
AID1128,BID2572
AID1128,BID5207
AID1128,BID551
AID1129,BID4281
AID1129,BID4478
AID1129,BID787
AID1130,BID1612
AID1130,BID2543
AID1130,BID5420
AID1131,BID1185
AID1131,BID3734
AID1131,BID829
AID1132,BID3409
AID1132,BID787
AID1132,BID922
AID1133,BID2045
AID1133,BID3210
AID1133,BID4180
AID1134,BID1094
AID1134,BID168
AID1134,BID5090
AID1135,BID2156
AID1135,BID4618
AID1135,BID5126
AID1136,BID229
AID1136,BID4613
AID1136,BID5666
AID1137,BID2560
AID1137,BID2761
AID1137,BID422
AID1138,BID333
AID1138,BID3910
AID1138,BID4960
AID1139,BID2095
AID1139,BID5152
AID1139,BID620
AID1140,BID1511
AID1140,BID2946
AID1140,BID5429
AID1141,BID2365
AID1141,BID4725
AID1141,BID685
AID1142,BID1824
AID1142,BID2927
AID1142,BID548
AID1143,BID3900
AID1143,BID4864
AID1143,BID5917
AID1144,BID2708
AID1144,BID4560
AID1144,BID5585
AID1145,BID2551
AID1145,BID4784
AID1145,BID5247
AID1146,BID3630
AID1146,BID4559
AID1146,BID5010
AID1147,BID3132
AID1147,BID4165
AID1147,BID986
AID1148,BID2173
AID1148,BID53
AID1148,BID623
AID1149,BID4671
AID1149,BID4830
AID1149,BID5423
AID1150,BID1814
AID1150,BID478
AID1150,BID4939
AID1151,BID2334
AID1151,BID2518
AID1151,BID5618
AID1152,BID1084
AID1152,BID4849
AID1152,BID5640
AID1153,BID1289
AID1153,BID4031
AID1153,BID5038
AID1154,BID2334
AID1154,BID3620
AID1154,BID4203
AID1155,BID1973
AID1155,BID2210
AID1155,BID2645
AID1156,BID4990
AID1156,BID5026
AID1156,BID5385
AID1157,BID3148
AID1157,BID3610
AID1157,BID4758
AID1158,BID1155
AID1158,BID1364
AID1158,BID5289
AID1159,BID2791
AID1159,BID3825
AID1159,BID3981
AID1160,BID3577
AID1160,BID478
AID1160,BID5269
AID1161,BID1375
AID1161,BID1455
AID1161,BID3940
AID1162,BID2031
AID1162,BID3613
AID1162,BID4692
AID1163,BID2100
AID1163,BID3325
AID1163,BID954
AID1164,BID3026
AID1164,BID56
AID1164,BID5825
AID1165,BID1199
AID1165,BID2616
AID1165,BID4971
AID1166,BID301
AID1166,BID3518
AID1166,BID3881
AID1167,BID1538
AID1167,BID3659
AID1167,BID4211
AID1168,BID3254
AID1168,BID3808
AID1168,BID4424
AID1169,BID1513
AID1169,BID544
AID1169,BID5686
AID1170,BID1096
AID1170,BID2467
AID1170,BID2818
AID1171,BID17
AID1171,BID2792
AID1171,BID3834
AID1172,BID1043
AID1172,BID4547
AID1172,BID5342
AID1173,BID1630
AID1173,BID5487
AID1173,BID5854
AID1174,BID2264
AID1174,BID574
AID1174,BID879
AID1175,BID1963
AID1175,BID2973
AID1175,BID497
AID1176,BID1989
AID1176,BID33
AID1176,BID4437
AID1177,BID1277
AID1177,BID3200
AID1177,BID885
AID1178,BID1608
AID1178,BID4874
AID1178,BID855
AID1179,BID4024
AID1179,BID4487
AID1179,BID5189
AID1180,BID1408
AID1180,BID2244
AID1180,BID5183
AID1181,BID1196
AID1181,BID4417
AID1181,BID798
AID1182,BID3412
AID1182,BID5163
AID1182,BID5381
AID1183,BID1081
AID1183,BID4930
AID1183,BID5747
AID1184,BID1099
AID1184,BID4086
AID1184,BID5572
AID1185,BID3135
AID1185,BID461
AID1185,BID5742
AID1186,BID2515
AID1186,BID394
AID1186,BID5194
AID1187,BID1617
AID1187,BID2793
AID1187,BID5557
AID1188,BID2631
AID1188,BID4652
AID1188,BID5644
AID1189,BID3009
AID1189,BID3936
AID1189,BID5147
AID1190,BID123
AID1190,BID2511
AID1190,BID5769
AID1191,BID3038
AID1191,BID4702
AID1191,BID4863
AID1192,BID1803
AID1192,BID3161
AID1192,BID4032
AID1193,BID1876
AID1193,BID3250
AID1193,BID5237
AID1194,BID1791
AID1194,BID3140
AID1194,BID4276
AID1195,BID1844
AID1195,BID244
AID1195,BID5124
AID1196,BID1438
AID1196,BID3027
AID1196,BID4171
AID1197,BID3246
AID1197,BID3654
AID1197,BID5531
AID1198,BID1150
AID1198,BID133
AID1198,BID5824
AID1199,BID3487
AID1199,BID4286
AID1199,BID4799
AID1200,BID1421
AID1200,BID4631
AID1200,BID5800
AID1201,BID1769
AID1201,BID2351
AID1201,BID928
AID1202,BID30
AID1202,BID4841
AID1202,BID5624
AID1203,BID2133
AID1203,BID4831
AID1203,BID5422
AID1204,BID4293
AID1204,BID4337
AID1204,BID5980
AID1205,BID1116
AID1205,BID2869
AID1205,BID348
AID1206,BID1078
AID1206,BID5750
AID1206,BID669
AID1207,BID1013
AID1207,BID1946
AID1207,BID679
AID1208,BID200
AID1208,BID5124
AID1208,BID771
AID1209,BID2764
AID1209,BID4889
AID1209,BID639
AID1210,BID101
AID1210,BID539
AID1210,BID5805
AID1211,BID4692
AID1211,BID4746
AID1211,BID844
AID1212,BID1184
AID1212,BID2526
AID1212,BID4518
AID1213,BID1644
AID1213,BID2698
AID1213,BID5041
AID1214,BID2117
AID1214,BID2793
AID1214,BID4894
AID1215,BID2496
AID1215,BID4857
AID1215,BID857
AID1216,BID1888
AID1216,BID4359
AID1216,BID4454
AID1217,BID430
AID1217,BID5549
AID1217,BID5701
AID1218,BID2232
AID1218,BID4581
AID1218,BID4619
AID1219,BID1048
AID1219,BID157
AID1219,BID1765
AID1220,BID2573
AID1220,BID4741
AID1220,BID5832
AID1221,BID2659
AID1221,BID2876
AID1221,BID358
AID1222,BID3652
AID1222,BID433
AID1222,BID739
AID1223,BID1999
AID1223,BID2621
AID1223,BID5062
AID1224,BID2448
AID1224,BID34
AID1224,BID94
AID1225,BID1383
AID1225,BID3770
AID1225,BID4065
AID1226,BID1564
AID1226,BID3683
AID1226,BID4746
AID1227,BID162
AID1227,BID197
AID1227,BID5660
AID1228,BID1814
AID1228,BID3471
AID1228,BID5328
AID1229,BID2117
AID1229,BID3830
AID1229,BID5925
AID1230,BID4514
AID1230,BID5763
AID1230,BID945
AID1231,BID3851
AID1231,BID4572
AID1231,BID5679
AID1232,BID2033
AID1232,BID3010
AID1232,BID5075
AID1233,BID1750
AID1233,BID2017
AID1233,BID4622
AID1234,BID1714
AID1234,BID298
AID1234,BID4629
AID1235,BID3590
AID1235,BID3891
AID1235,BID4960
AID1236,BID5092
AID1236,BID5154
AID1236,BID738
AID1237,BID3034
AID1237,BID5555
AID1237,BID704
AID1238,BID100
AID1238,BID2904
AID1238,BID3830
AID1239,BID4314
AID1239,BID4742
AID1239,BID5059
AID1240,BID2349
AID1240,BID2935
AID1240,BID3667
AID1241,BID2946
AID1241,BID304
AID1241,BID5392
AID1242,BID1150
AID1242,BID4636
AID1242,BID5051
AID1243,BID1411
AID1243,BID2362
AID1243,BID2930
AID1244,BID3285
AID1244,BID5611
AID1244,BID5808
AID1245,BID2078
AID1245,BID3490
AID1245,BID5751
AID1246,BID1456
AID1246,BID5073
AID1246,BID5857
AID1247,BID2242
AID1247,BID3332
AID1247,BID5052
AID1248,BID2710
AID1248,BID4347
AID1248,BID85
AID1249,BID2296
AID1249,BID3737
AID1249,BID5188
AID1250,BID2675
AID1250,BID4923
AID1250,BID5987
AID1251,BID475
AID1251,BID554
AID1251,BID5594
AID1252,BID28
AID1252,BID3061
AID1252,BID5714
AID1253,BID3
AID1253,BID3645
AID1253,BID4504
AID1254,BID2589
AID1254,BID4082
AID1254,BID5970
AID1255,BID179
AID1255,BID1900
AID1255,BID5176
AID1256,BID5715
AID1256,BID646
AID1256,BID922
AID1257,BID2516
AID1257,BID408
AID1257,BID4141
AID1258,BID2813
AID1258,BID4536
AID1258,BID5423
AID1259,BID1754
AID1259,BID4516
AID1259,BID5633
AID1260,BID3024
AID1260,BID4103
AID1260,BID4499
AID1261,BID2805
AID1261,BID4135
AID1261,BID4304
AID1262,BID2247
AID1262,BID2295
AID1262,BID665
AID1263,BID4697
AID1263,BID4761
AID1263,BID53
AID1264,BID146
AID1264,BID5687
AID1264,BID865
AID1265,BID2489
AID1265,BID2674
AID1265,BID4634
AID1266,BID2762
AID1266,BID3893
AID1266,BID5351
AID1267,BID1074
AID1267,BID147
AID1267,BID3971
AID1268,BID3230
AID1268,BID35
AID1268,BID5127
AID1269,BID1453
AID1269,BID2205
AID1269,BID4467
AID1270,BID1364
AID1270,BID4024
AID1270,BID5114
AID1271,BID1183
AID1271,BID1290
AID1271,BID2615
AID1272,BID3369
AID1272,BID4293
AID1272,BID5512
AID1273,BID4530
AID1273,BID4852
AID1273,BID5640
AID1274,BID4387
AID1274,BID4863
AID1274,BID70
AID1275,BID4061
AID1275,BID4631
AID1275,BID5537
AID1276,BID1715
AID1276,BID2622
AID1276,BID3646
AID1277,BID3307
AID1277,BID3671
AID1277,BID4973
AID1278,BID1749
AID1278,BID2165
AID1278,BID3895
AID1279,BID1410
AID1279,BID3945
AID1279,BID836
AID1280,BID2291
AID1280,BID3982
AID1280,BID5776
AID1281,BID2410
AID1281,BID4537
AID1281,BID5486
AID1282,BID2106
AID1282,BID2437
AID1282,BID2805
AID1283,BID2794
AID1283,BID329
AID1283,BID520
AID1284,BID2291
AID1284,BID2342
AID1284,BID5659
AID1285,BID1415
AID1285,BID346
AID1285,BID5460
AID1286,BID1973
AID1286,BID2870
AID1286,BID4228
AID1287,BID1825
AID1287,BID2596
AID1287,BID3847
AID1288,BID1089
AID1288,BID201
AID1288,BID3742
AID1289,BID291
AID1289,BID4548
AID1289,BID4656
AID1290,BID2724
AID1290,BID4749
AID1290,BID5586
AID1291,BID1022
AID1291,BID3458
AID1291,BID4011
AID1292,BID4600
AID1292,BID5471
AID1292,BID550
AID1293,BID1563
AID1293,BID2821
AID1293,BID5183
AID1294,BID4915
AID1294,BID5129
AID1294,BID5981
AID1295,BID1099
AID1295,BID45
AID1295,BID5481
AID1296,BID1936
AID1296,BID2139
AID1296,BID4401
AID1297,BID2157
AID1297,BID4050
AID1297,BID482
AID1298,BID1708
AID1298,BID3370
AID1298,BID5955
AID1299,BID2039
AID1299,BID4655
AID1299,BID5467
AID1300,BID1090
AID1300,BID1729
AID1300,BID5524
AID1301,BID1642
AID1301,BID3877
AID1301,BID4858
AID1302,BID2379
AID1302,BID3171
AID1302,BID4303
AID1303,BID1345
AID1303,BID2277
AID1303,BID25
AID1304,BID3700
AID1304,BID5441
AID1304,BID5891
AID1305,BID1015
AID1305,BID1613
AID1305,BID676
AID1306,BID4669
AID1306,BID5175
AID1306,BID623
AID1307,BID1422
AID1307,BID1868
AID1307,BID797
AID1308,BID1851
AID1308,BID3545
AID1308,BID5667
AID1309,BID157
AID1309,BID5291
AID1309,BID820
AID1310,BID2230
AID1310,BID282
AID1310,BID3412
AID1311,BID4864
AID1311,BID500
AID1311,BID884
AID1312,BID2836
AID1312,BID4359
AID1312,BID582
AID1313,BID4173
AID1313,BID4355
AID1313,BID5494
AID1314,BID3921
AID1314,BID4509
AID1314,BID5145
AID1315,BID1301
AID1315,BID2825
AID1315,BID3135
AID1316,BID2367
AID1316,BID4229
AID1316,BID833
AID1317,BID1233
AID1317,BID1677
AID1317,BID3873
AID1318,BID1761
AID1318,BID4828
AID1318,BID4951
AID1319,BID3330
AID1319,BID4121
AID1319,BID4831
AID1320,BID1204
AID1320,BID4425
AID1320,BID609
AID1321,BID2079
AID1321,BID2233
AID1321,BID2424
AID1322,BID2505
AID1322,BID2734
AID1322,BID386
AID1323,BID1095
AID1323,BID2785
AID1323,BID5186
AID1324,BID4364
AID1324,BID4470
AID1324,BID46
AID1325,BID280
AID1325,BID3622
AID1325,BID5892
AID1326,BID1552
AID1326,BID299
AID1326,BID5639
AID1327,BID244
AID1327,BID262
AID1327,BID3618
AID1328,BID1079
AID1328,BID4351
AID1328,BID4649
AID1329,BID1251
AID1329,BID339
AID1329,BID4875
AID1330,BID4592
AID1330,BID5126
AID1330,BID5781
AID1331,BID1973
AID1331,BID3456
AID1331,BID5143
AID1332,BID2297
AID1332,BID3414
AID1332,BID5780
AID1333,BID2304
AID1333,BID3880
AID1333,BID4055
AID1334,BID2171
AID1334,BID2792
AID1334,BID89
AID1335,BID2307
AID1335,BID29
AID1335,BID5836
AID1336,BID119
AID1336,BID1511
AID1336,BID3972
AID1337,BID3665
AID1337,BID5759
AID1337,BID933
AID1338,BID1223
AID1338,BID23
AID1338,BID3738
AID1339,BID1189
AID1339,BID3527
AID1339,BID5519
AID1340,BID1124
AID1340,BID4967
AID1340,BID5505
AID1341,BID3760
AID1341,BID5308
AID1341,BID6
AID1342,BID1045
AID1342,BID1325
AID1342,BID506
AID1343,BID2294
AID1343,BID3900
AID1343,BID99
AID1344,BID2526
AID1344,BID2805
AID1344,BID4644
AID1345,BID1266
AID1345,BID1574
AID1345,BID3639
AID1346,BID1636
AID1346,BID2585
AID1346,BID5767
AID1347,BID1820
AID1347,BID3316
AID1347,BID475
AID1348,BID2520
AID1348,BID3622
AID1348,BID4361
AID1349,BID4256
AID1349,BID781
AID1349,BID828
AID1350,BID2216
AID1350,BID284
AID1350,BID5656
AID1351,BID2603
AID1351,BID5
AID1351,BID994
AID1352,BID4951
AID1352,BID719
AID1352,BID787
AID1353,BID2063
AID1353,BID2353
AID1353,BID926
AID1354,BID205
AID1354,BID3013
AID1354,BID5397
AID1355,BID1515
AID1355,BID4527
AID1355,BID4641
AID1356,BID3445
AID1356,BID5333
AID1356,BID985
AID1357,BID3189
AID1357,BID5520
AID1357,BID820
AID1358,BID1832
AID1358,BID4715
AID1358,BID5555
AID1359,BID1088
AID1359,BID1143
AID1359,BID3157
AID1360,BID1854
AID1360,BID3046
AID1360,BID3297
AID1361,BID1037
AID1361,BID2089
AID1361,BID5509
AID1362,BID1048
AID1362,BID5333
AID1362,BID5461
AID1363,BID262
AID1363,BID3378
AID1363,BID5148
AID1364,BID3096
AID1364,BID4471
AID1364,BID5195
AID1365,BID3142
AID1365,BID3389
AID1365,BID5293
AID1366,BID276
AID1366,BID5059
AID1366,BID5991
AID1367,BID2198
AID1367,BID5577
AID1367,BID588
AID1368,BID1191
AID1368,BID4070
AID1368,BID4484
AID1369,BID2073
AID1369,BID3277
AID1369,BID5129
AID1370,BID1133
AID1370,BID1404
AID1370,BID3247
AID1371,BID1392
AID1371,BID3021
AID1371,BID43
AID1372,BID1944
AID1372,BID3646
AID1372,BID839
AID1373,BID1081
AID1373,BID1856
AID1373,BID3854
AID1374,BID1093
AID1374,BID4169
AID1374,BID5702
AID1375,BID4673
AID1375,BID5108
AID1375,BID5656
AID1376,BID1678
AID1376,BID4725
AID1376,BID86
AID1377,BID2030
AID1377,BID5641
AID1377,BID5917
AID1378,BID1096
AID1378,BID3080
AID1378,BID649
AID1379,BID271
AID1379,BID3611
AID1379,BID948
AID1380,BID1618
AID1380,BID2045
AID1380,BID849
AID1381,BID4915
AID1381,BID5009
AID1381,BID5483
AID1382,BID1456
AID1382,BID1467
AID1382,BID1759
AID1383,BID2003
AID1383,BID4986
AID1383,BID5252
AID1384,BID3262
AID1384,BID4208
AID1384,BID4214
AID1385,BID1142
AID1385,BID3029
AID1385,BID5609
AID1386,BID1277
AID1386,BID1992
AID1386,BID5876
AID1387,BID1509
AID1387,BID4573
AID1387,BID5152
AID1388,BID2723
AID1388,BID2958
AID1388,BID5034
AID1389,BID4211
AID1389,BID55
AID1389,BID985
AID1390,BID1958
AID1390,BID2261
AID1390,BID4573
AID1391,BID514
AID1391,BID5442
AID1391,BID5513
AID1392,BID1556
AID1392,BID5022
AID1392,BID931
AID1393,BID1756
AID1393,BID2169
AID1393,BID5583
AID1394,BID5220
AID1394,BID669
AID1394,BID741
AID1395,BID1490
AID1395,BID1847
AID1395,BID2133
AID1396,BID3259
AID1396,BID4170
AID1396,BID5610
AID1397,BID2081
AID1397,BID4400
AID1397,BID5660
AID1398,BID209
AID1398,BID4185
AID1398,BID5597
AID1399,BID4037
AID1399,BID4313
AID1399,BID700
AID1400,BID3524
AID1400,BID5666
AID1400,BID5745
AID1401,BID1994
AID1401,BID3943
AID1401,BID3972
AID1402,BID3448
AID1402,BID4128
AID1402,BID5519
AID1403,BID1750
AID1403,BID4110
AID1403,BID962
AID1404,BID392
AID1404,BID4658
AID1404,BID5888
AID1405,BID1315
AID1405,BID4653
AID1405,BID861
AID1406,BID4087
AID1406,BID4999
AID1406,BID5894
AID1407,BID1075
AID1407,BID1552
AID1407,BID951
AID1408,BID138
AID1408,BID3931
AID1408,BID5273
AID1409,BID2695
AID1409,BID2797
AID1409,BID2986
AID1410,BID1136
AID1410,BID1432
AID1410,BID3662
AID1411,BID3842
AID1411,BID513
AID1411,BID847
AID1412,BID184
AID1412,BID5308
AID1412,BID775
AID1413,BID2908
AID1413,BID2924
AID1413,BID5775
AID1414,BID1743
AID1414,BID236
AID1414,BID466
AID1415,BID1071
AID1415,BID1330
AID1415,BID3643
AID1416,BID120
AID1416,BID2905
AID1416,BID4437
AID1417,BID2132
AID1417,BID3288
AID1417,BID5109
AID1418,BID2541
AID1418,BID358
AID1418,BID5999
AID1419,BID1625
AID1419,BID168
AID1419,BID5354
AID1420,BID3674
AID1420,BID5781
AID1420,BID5831
AID1421,BID1491
AID1421,BID3774
AID1421,BID4754
AID1422,BID1356
AID1422,BID3242
AID1422,BID4759
AID1423,BID1204
AID1423,BID4625
AID1423,BID5976
AID1424,BID1613
AID1424,BID2365
AID1424,BID4733
AID1425,BID3417
AID1425,BID4849
AID1425,BID645
AID1426,BID1480
AID1426,BID2163
AID1426,BID2470
AID1427,BID1663
AID1427,BID413
AID1427,BID4171
AID1428,BID1229
AID1428,BID1754
AID1428,BID3261
AID1429,BID4184
AID1429,BID4383
AID1429,BID4963
AID1430,BID2603
AID1430,BID5028
AID1430,BID815
AID1431,BID1997
AID1431,BID3521
AID1431,BID3921
AID1432,BID1932
AID1432,BID3122
AID1432,BID4222
AID1433,BID2323
AID1433,BID5172
AID1433,BID5193
AID1434,BID1558
AID1434,BID3181
AID1434,BID5956
AID1435,BID1498
AID1435,BID3491
AID1435,BID5328
AID1436,BID4033
AID1436,BID5304
AID1436,BID5644
AID1437,BID2972
AID1437,BID3457
AID1437,BID458
AID1438,BID2699
AID1438,BID3134
AID1438,BID4074
AID1439,BID4383
AID1439,BID5021
AID1439,BID5552
AID1440,BID1356
AID1440,BID4399
AID1440,BID5385
AID1441,BID2319
AID1441,BID2987
AID1441,BID528
AID1442,BID1755
AID1442,BID2358
AID1442,BID5651
AID1443,BID3668
AID1443,BID4183
AID1443,BID5287
AID1444,BID1302
AID1444,BID1394
AID1444,BID4562
AID1445,BID1768
AID1445,BID206
AID1445,BID3489
AID1446,BID3442
AID1446,BID4555
AID1446,BID4607
AID1447,BID1122
AID1447,BID2923
AID1447,BID3832
AID1448,BID1138
AID1448,BID1987
AID1448,BID392
AID1449,BID2151
AID1449,BID231
AID1449,BID4594
AID1450,BID1188
AID1450,BID2670
AID1450,BID5712
AID1451,BID4391
AID1451,BID4518
AID1451,BID5331
AID1452,BID2463
AID1452,BID2857
AID1452,BID3812
AID1453,BID3127
AID1453,BID4043
AID1453,BID4509
AID1454,BID2644
AID1454,BID2750
AID1454,BID4652
AID1455,BID1001
AID1455,BID5488
AID1455,BID71
AID1456,BID1458
AID1456,BID3222
AID1456,BID5101
AID1457,BID5562
AID1457,BID5880
AID1457,BID68
AID1458,BID2385
AID1458,BID3714
AID1458,BID3948
AID1459,BID2445
AID1459,BID306
AID1459,BID4233
AID1460,BID382
AID1460,BID5374
AID1460,BID5440
AID1461,BID3035
AID1461,BID5546
AID1461,BID5549
AID1462,BID1803
AID1462,BID3170
AID1462,BID4476
AID1463,BID2701
AID1463,BID2835
AID1463,BID3228
AID1464,BID1117
AID1464,BID3086
AID1464,BID3679
AID1465,BID1343
AID1465,BID1713
AID1465,BID2761
AID1466,BID3963
AID1466,BID4175
AID1466,BID631
AID1467,BID104
AID1467,BID2476
AID1467,BID4998
AID1468,BID3031
AID1468,BID3602
AID1468,BID609
AID1469,BID2130
AID1469,BID2515
AID1469,BID2867
AID1470,BID1089
AID1470,BID1730
AID1470,BID4372
AID1471,BID1636
AID1471,BID2896
AID1471,BID5341
AID1472,BID2673
AID1472,BID3451
AID1472,BID4639
AID1473,BID3143
AID1473,BID4907
AID1473,BID60
AID1474,BID2288
AID1474,BID5065
AID1474,BID5287
AID1475,BID1683
AID1475,BID3981
AID1475,BID4245
AID1476,BID356
AID1476,BID510
AID1476,BID5755
AID1477,BID2248
AID1477,BID2782
AID1477,BID4306
AID1478,BID4152
AID1478,BID433
AID1478,BID4423
AID1479,BID2832
AID1479,BID4315
AID1479,BID4775
AID1480,BID1022
AID1480,BID487
AID1480,BID5349
AID1481,BID1016
AID1481,BID160
AID1481,BID18
AID1482,BID1519
AID1482,BID3125
AID1482,BID4466
AID1483,BID1968
AID1483,BID2076
AID1483,BID3273
AID1484,BID359
AID1484,BID5277
AID1484,BID5713
AID1485,BID2941
AID1485,BID3924
AID1485,BID892
AID1486,BID1435
AID1486,BID4651
AID1486,BID4890
AID1487,BID1473
AID1487,BID203
AID1487,BID5151
AID1488,BID3114
AID1488,BID5306
AID1488,BID731
AID1489,BID128
AID1489,BID1900
AID1489,BID4612
AID1490,BID1451
AID1490,BID3165
AID1490,BID4553
AID1491,BID120
AID1491,BID1452
AID1491,BID2801
AID1492,BID2463
AID1492,BID2649
AID1492,BID3352
AID1493,BID2263
AID1493,BID3520
AID1493,BID3844
AID1494,BID2057
AID1494,BID2287
AID1494,BID3701
AID1495,BID2914
AID1495,BID2942
AID1495,BID605
AID1496,BID1822
AID1496,BID2000
AID1496,BID618
AID1497,BID2025
AID1497,BID3571
AID1497,BID5388
AID1498,BID1893
AID1498,BID2438
AID1498,BID4269
AID1499,BID4182
AID1499,BID5560
AID1499,BID978
AID1500,BID104
AID1500,BID3069
AID1500,BID600
AID1501,BID1737
AID1501,BID4908
AID1501,BID990
AID1502,BID2194
AID1502,BID2377
AID1502,BID4059
AID1503,BID208
AID1503,BID5291
AID1503,BID5318
AID1504,BID1659
AID1504,BID3075
AID1504,BID5034
AID1505,BID1098
AID1505,BID3043
AID1505,BID999
AID1506,BID3087
AID1506,BID4684
AID1506,BID5961
AID1507,BID1437
AID1507,BID217
AID1507,BID594
AID1508,BID1962
AID1508,BID366
AID1508,BID4212
AID1509,BID1312
AID1509,BID3847
AID1509,BID4352
AID1510,BID1174
AID1510,BID1472
AID1510,BID1732
AID1511,BID1809
AID1511,BID1847
AID1511,BID2731
AID1512,BID3132
AID1512,BID3775
AID1512,BID558
AID1513,BID3152
AID1513,BID3869
AID1513,BID430
AID1514,BID1013
AID1514,BID1210
AID1514,BID4057
AID1515,BID1519
AID1515,BID647
AID1515,BID677
AID1516,BID2196
AID1516,BID3826
AID1516,BID843
AID1517,BID3132
AID1517,BID3713
AID1517,BID5169
AID1518,BID196
AID1518,BID2148
AID1518,BID323
AID1519,BID1338
AID1519,BID383
AID1519,BID4473
AID1520,BID1505
AID1520,BID613
AID1520,BID954
AID1521,BID109
AID1521,BID1694
AID1521,BID5556
AID1522,BID2441
AID1522,BID4226
AID1522,BID4510
AID1523,BID300
AID1523,BID4153
AID1523,BID711
AID1524,BID1437
AID1524,BID3841
AID1524,BID4534
AID1525,BID4164
AID1525,BID4281
AID1525,BID874
AID1526,BID2864
AID1526,BID3415
AID1526,BID4914
AID1527,BID2847
AID1527,BID3425
AID1527,BID3710
AID1528,BID1166
AID1528,BID4700
AID1528,BID589
AID1529,BID2043
AID1529,BID2280
AID1529,BID556
AID1530,BID236
AID1530,BID3089
AID1530,BID3976
AID1531,BID3055
AID1531,BID4691
AID1531,BID5362
AID1532,BID1916
AID1532,BID4337
AID1532,BID4714
AID1533,BID2095
AID1533,BID2826
AID1533,BID3416
AID1534,BID1742
AID1534,BID5527
AID1534,BID5728
AID1535,BID2828
AID1535,BID3182
AID1535,BID471
AID1536,BID1906
AID1536,BID3856
AID1536,BID5571
AID1537,BID2130
AID1537,BID5120
AID1537,BID5320
AID1538,BID1647
AID1538,BID2121
AID1538,BID346
AID1539,BID1452
AID1539,BID176
AID1539,BID714
AID1540,BID1802
AID1540,BID260
AID1540,BID5089
AID1541,BID2065
AID1541,BID3566
AID1541,BID3953
AID1542,BID2514
AID1542,BID3734
AID1542,BID4801
AID1543,BID3666
AID1543,BID3785
AID1543,BID4775
AID1544,BID2442
AID1544,BID3840
AID1544,BID4726
AID1545,BID2093
AID1545,BID4511
AID1545,BID5643
AID1546,BID351
AID1546,BID4267
AID1546,BID5742
AID1547,BID3776
AID1547,BID4953
AID1547,BID98
AID1548,BID37
AID1548,BID5068
AID1548,BID5727
AID1549,BID181
AID1549,BID4286
AID1549,BID4931
AID1550,BID276
AID1550,BID342
AID1550,BID5470
AID1551,BID1045
AID1551,BID1462
AID1551,BID2489
AID1552,BID3626
AID1552,BID3824
AID1552,BID5552
AID1553,BID3415
AID1553,BID531
AID1553,BID713
AID1554,BID2309
AID1554,BID4672
AID1554,BID534
AID1555,BID3227
AID1555,BID3893
AID1555,BID4199
AID1556,BID3352
AID1556,BID3671
AID1556,BID5283
AID1557,BID2576
AID1557,BID2784
AID1557,BID853
AID1558,BID2832
AID1558,BID5018
AID1558,BID5306
AID1559,BID223
AID1559,BID2286
AID1559,BID4427
AID1560,BID2328
AID1560,BID2438
AID1560,BID2947
AID1561,BID4389
AID1561,BID4914
AID1561,BID5575
AID1562,BID2092
AID1562,BID3622
AID1562,BID5396
AID1563,BID3971
AID1563,BID42
AID1563,BID4252
AID1564,BID2192
AID1564,BID4201
AID1564,BID5890
AID1565,BID125
AID1565,BID1282
AID1565,BID3775
AID1566,BID1752
AID1566,BID1982
AID1566,BID3149
AID1567,BID2588
AID1567,BID3909
AID1567,BID4484
AID1568,BID2840
AID1568,BID5695
AID1568,BID5863
AID1569,BID1315
AID1569,BID441
AID1569,BID5729
AID1570,BID1307
AID1570,BID3090
AID1570,BID4759
AID1571,BID1728
AID1571,BID2158
AID1571,BID787
AID1572,BID2484
AID1572,BID2760
AID1572,BID4515
AID1573,BID1826
AID1573,BID3288
AID1573,BID4862
AID1574,BID2148
AID1574,BID4177
AID1574,BID4364
AID1575,BID1677
AID1575,BID2143
AID1575,BID987
AID1576,BID1289
AID1576,BID2475
AID1576,BID3586
AID1577,BID2309
AID1577,BID3657
AID1577,BID5896
AID1578,BID1749
AID1578,BID4155
AID1578,BID700
AID1579,BID4314
AID1579,BID438
AID1579,BID5348
AID1580,BID1937
AID1580,BID5807
AID1580,BID74
AID1581,BID3134
AID1581,BID4268
AID1581,BID5347
AID1582,BID1994
AID1582,BID2367
AID1582,BID5558
AID1583,BID2525
AID1583,BID5140
AID1583,BID867
AID1584,BID4370
AID1584,BID4692
AID1584,BID5716
AID1585,BID2075
AID1585,BID576
AID1585,BID5803
AID1586,BID3651
AID1586,BID5617
AID1586,BID612
AID1587,BID1935
AID1587,BID2510
AID1587,BID3944
AID1588,BID3068
AID1588,BID3727
AID1588,BID458
AID1589,BID215
AID1589,BID3877
AID1589,BID5772
AID1590,BID1976
AID1590,BID5837
AID1590,BID5969
AID1591,BID3340
AID1591,BID5673
AID1591,BID676
AID1592,BID3167
AID1592,BID3310
AID1592,BID3935
AID1593,BID2135
AID1593,BID5445
AID1593,BID693
AID1594,BID1128
AID1594,BID2793
AID1594,BID5388
AID1595,BID2537
AID1595,BID5199
AID1595,BID860
AID1596,BID1646
AID1596,BID181
AID1596,BID634
AID1597,BID3039
AID1597,BID3520
AID1597,BID4485
AID1598,BID1194
AID1598,BID4533
AID1598,BID4959
AID1599,BID3435
AID1599,BID3807
AID1599,BID4278
AID1600,BID1374
AID1600,BID3426
AID1600,BID372
AID1601,BID1982
AID1601,BID2508
AID1601,BID3171
AID1602,BID1022
AID1602,BID315
AID1602,BID5123
AID1603,BID1680
AID1603,BID2300
AID1603,BID4069
AID1604,BID1256
AID1604,BID3030
AID1604,BID3073
AID1605,BID121
AID1605,BID1740
AID1605,BID2038
AID1606,BID1079
AID1606,BID2769
AID1606,BID4236
AID1607,BID4567
AID1607,BID4873
AID1607,BID5869
AID1608,BID1145
AID1608,BID4017
AID1608,BID5499
AID1609,BID3933
AID1609,BID434
AID1609,BID5775
AID1610,BID2018
AID1610,BID3423
AID1610,BID4416
AID1611,BID1507
AID1611,BID4709
AID1611,BID803
AID1612,BID1019
AID1612,BID1074
AID1612,BID3364
AID1613,BID4271
AID1613,BID4644
AID1613,BID841
AID1614,BID2640
AID1614,BID357
AID1614,BID3775
AID1615,BID3023
AID1615,BID4516
AID1615,BID927
AID1616,BID1983
AID1616,BID2412
AID1616,BID3535
AID1617,BID1445
AID1617,BID2619
AID1617,BID3692
AID1618,BID1292
AID1618,BID1731
AID1618,BID1967
AID1619,BID134
AID1619,BID3317
AID1619,BID5218
AID1620,BID3626
AID1620,BID4278
AID1620,BID951
AID1621,BID2339
AID1621,BID3902
AID1621,BID5434
AID1622,BID1090
AID1622,BID2470
AID1622,BID910
AID1623,BID2832
AID1623,BID3671
AID1623,BID3914
AID1624,BID1237
AID1624,BID4111
AID1624,BID4497
AID1625,BID2230
AID1625,BID2635
AID1625,BID5965
AID1626,BID1871
AID1626,BID4127
AID1626,BID5563
AID1627,BID277
AID1627,BID4109
AID1627,BID4902
AID1628,BID2087
AID1628,BID3887
AID1628,BID435
AID1629,BID1408
AID1629,BID3851
AID1629,BID5574
AID1630,BID3651
AID1630,BID367
AID1630,BID4271
AID1631,BID4216
AID1631,BID5160
AID1631,BID5201
AID1632,BID1186
AID1632,BID2882
AID1632,BID5380
AID1633,BID2209
AID1633,BID3629
AID1633,BID5172
AID1634,BID1009
AID1634,BID1148
AID1634,BID1471
AID1635,BID3208
AID1635,BID509
AID1635,BID810
AID1636,BID3852
AID1636,BID5605
AID1636,BID589
AID1637,BID2156
AID1637,BID4776
AID1637,BID711
AID1638,BID2012
AID1638,BID2038
AID1638,BID4049
AID1639,BID3372
AID1639,BID3510
AID1639,BID5033
AID1640,BID2566
AID1640,BID3622
AID1640,BID576
AID1641,BID1778
AID1641,BID2092
AID1641,BID2466
AID1642,BID1631
AID1642,BID5261
AID1642,BID656
AID1643,BID209
AID1643,BID4404
AID1643,BID622
AID1644,BID1836
AID1644,BID3982
AID1644,BID4728
AID1645,BID2357
AID1645,BID5079
AID1645,BID87
AID1646,BID3114
AID1646,BID4196
AID1646,BID707
AID1647,BID1182
AID1647,BID2962
AID1647,BID3958
AID1648,BID2234
AID1648,BID3852
AID1648,BID754
AID1649,BID3481
AID1649,BID3650
AID1649,BID501
AID1650,BID269
AID1650,BID2698
AID1650,BID4143
AID1651,BID2097
AID1651,BID2780
AID1651,BID797
AID1652,BID1895
AID1652,BID2800
AID1652,BID4280
AID1653,BID1954
AID1653,BID3005
AID1653,BID858
AID1654,BID1962
AID1654,BID5004
AID1654,BID5045
AID1655,BID12
AID1655,BID3665
AID1655,BID4539
AID1656,BID1404
AID1656,BID1468
AID1656,BID4302
AID1657,BID1747
AID1657,BID4360
AID1657,BID4819
AID1658,BID4329
AID1658,BID5466
AID1658,BID5754
AID1659,BID1012
AID1659,BID1286
AID1659,BID208
AID1660,BID3136
AID1660,BID3962
AID1660,BID5293
AID1661,BID1461
AID1661,BID5283
AID1661,BID886
AID1662,BID3003
AID1662,BID3274
AID1662,BID5125
AID1663,BID1606
AID1663,BID2077
AID1663,BID2125
AID1664,BID2230
AID1664,BID3910
AID1664,BID768
AID1665,BID1822
AID1665,BID2641
AID1665,BID5776
AID1666,BID1276
AID1666,BID3746
AID1666,BID754
AID1667,BID1190
AID1667,BID2239
AID1667,BID3465
AID1668,BID123
AID1668,BID1329
AID1668,BID2703
AID1669,BID1158
AID1669,BID3231
AID1669,BID804
AID1670,BID1544
AID1670,BID4101
AID1670,BID5565
AID1671,BID4157
AID1671,BID4925
AID1671,BID774
AID1672,BID1234
AID1672,BID3353
AID1672,BID4768
AID1673,BID4261
AID1673,BID5704
AID1673,BID5953
AID1674,BID1066
AID1674,BID1580
AID1674,BID623
AID1675,BID5618
AID1675,BID5767
AID1675,BID5985
AID1676,BID3419
AID1676,BID5291
AID1676,BID5695
AID1677,BID3744
AID1677,BID4397
AID1677,BID5375
AID1678,BID2490
AID1678,BID544
AID1678,BID5875
AID1679,BID1321
AID1679,BID3749
AID1679,BID4197
AID1680,BID1972
AID1680,BID3477
AID1680,BID609
AID1681,BID1492
AID1681,BID5191
AID1681,BID5777
AID1682,BID5459
AID1682,BID5616
AID1682,BID5731
AID1683,BID2847
AID1683,BID3708
AID1683,BID4974
AID1684,BID3910
AID1684,BID4910
AID1684,BID5415
AID1685,BID3015
AID1685,BID4490
AID1685,BID5241
AID1686,BID2878
AID1686,BID358
AID1686,BID4175
AID1687,BID1600
AID1687,BID4279
AID1687,BID4931
AID1688,BID1375
AID1688,BID2303
AID1688,BID5315
AID1689,BID1328
AID1689,BID1444
AID1689,BID3119
AID1690,BID281
AID1690,BID3610
AID1690,BID5661
AID1691,BID1509
AID1691,BID3994
AID1691,BID4272
AID1692,BID1816
AID1692,BID2724
AID1692,BID4155
AID1693,BID1599
AID1693,BID3061
AID1693,BID5361
AID1694,BID1411
AID1694,BID2378
AID1694,BID3348
AID1695,BID2180
AID1695,BID377
AID1695,BID5061
AID1696,BID183
AID1696,BID2905
AID1696,BID4250
AID1697,BID199
AID1697,BID5147
AID1697,BID624
AID1698,BID4031
AID1698,BID585
AID1698,BID767
AID1699,BID2634
AID1699,BID596
AID1699,BID978
AID1700,BID1393
AID1700,BID2869
AID1700,BID5813
AID1701,BID2471
AID1701,BID2996
AID1701,BID3334
AID1702,BID1485
AID1702,BID2729
AID1702,BID2763
AID1703,BID3285
AID1703,BID503
AID1703,BID5728
AID1704,BID3885
AID1704,BID4461
AID1704,BID991
AID1705,BID1241
AID1705,BID3547
AID1705,BID5773
AID1706,BID177
AID1706,BID1960
AID1706,BID2364
AID1707,BID1007
AID1707,BID4550
AID1707,BID545
AID1708,BID2116
AID1708,BID2131
AID1708,BID977
AID1709,BID1374
AID1709,BID1510
AID1709,BID4635
AID1710,BID4811
AID1710,BID5017
AID1710,BID5307
AID1711,BID3977
AID1711,BID399
AID1711,BID5256
AID1712,BID1850
AID1712,BID4353
AID1712,BID5722
AID1713,BID1416
AID1713,BID3370
AID1713,BID4255
AID1714,BID4351
AID1714,BID4453
AID1714,BID4490
AID1715,BID2930
AID1715,BID3618
AID1715,BID3900
AID1716,BID3086
AID1716,BID3111
AID1716,BID848
AID1717,BID1324
AID1717,BID3536
AID1717,BID4163
AID1718,BID3645
AID1718,BID4645
AID1718,BID5523
AID1719,BID2524
AID1719,BID3030
AID1719,BID3470
AID1720,BID1430
AID1720,BID3738
AID1720,BID4335
AID1721,BID2149
AID1721,BID3080
AID1721,BID5035
AID1722,BID1801
AID1722,BID4908
AID1722,BID5934
AID1723,BID1069
AID1723,BID5022
AID1723,BID5452
AID1724,BID1372
AID1724,BID2105
AID1724,BID2235
AID1725,BID2228
AID1725,BID3772
AID1725,BID4563
AID1726,BID301
AID1726,BID4170
AID1726,BID4868
AID1727,BID3187
AID1727,BID3497
AID1727,BID3644
AID1728,BID1807
AID1728,BID4283
AID1728,BID4928
AID1729,BID2610
AID1729,BID4851
AID1729,BID935
AID1730,BID1055
AID1730,BID4496
AID1730,BID5418
AID1731,BID1012
AID1731,BID2715
AID1731,BID922
AID1732,BID1103
AID1732,BID2537
AID1732,BID4901
AID1733,BID1840
AID1733,BID4453
AID1733,BID4746
AID1734,BID1214
AID1734,BID2235
AID1734,BID4382
AID1735,BID3978
AID1735,BID4479
AID1735,BID4670
AID1736,BID2100
AID1736,BID5453
AID1736,BID5535
AID1737,BID3152
AID1737,BID3329
AID1737,BID567
AID1738,BID1430
AID1738,BID2480
AID1738,BID3636
AID1739,BID212
AID1739,BID2267
AID1739,BID5700
AID1740,BID4226
AID1740,BID4592
AID1740,BID938
AID1741,BID2343
AID1741,BID4677
AID1741,BID5319
AID1742,BID1663
AID1742,BID5341
AID1742,BID839
AID1743,BID1067
AID1743,BID2194
AID1743,BID387
AID1744,BID2032
AID1744,BID3672
AID1744,BID579
AID1745,BID2552
AID1745,BID2730
AID1745,BID4515
AID1746,BID3431
AID1746,BID4312
AID1746,BID5663
AID1747,BID2523
AID1747,BID2798
AID1747,BID986
AID1748,BID2760
AID1748,BID3340
AID1748,BID5084
AID1749,BID3829
AID1749,BID4467
AID1749,BID5094
AID1750,BID1702
AID1750,BID2828
AID1750,BID5356
AID1751,BID2611
AID1751,BID5894
AID1751,BID773
AID1752,BID235
AID1752,BID2526
AID1752,BID5906
AID1753,BID1922
AID1753,BID2972
AID1753,BID5091
AID1754,BID1106
AID1754,BID5511
AID1754,BID556
AID1755,BID1891
AID1755,BID4192
AID1755,BID4618
AID1756,BID1512
AID1756,BID176
AID1756,BID3876
AID1757,BID1638
AID1757,BID5389
AID1757,BID5456
AID1758,BID2501
AID1758,BID2833
AID1758,BID3678
AID1759,BID3250
AID1759,BID4783
AID1759,BID5990
AID1760,BID3080
AID1760,BID4077
AID1760,BID497
AID1761,BID1640
AID1761,BID2529
AID1761,BID4484
AID1762,BID224
AID1762,BID2940
AID1762,BID4590
AID1763,BID3288
AID1763,BID3591
AID1763,BID5546
AID1764,BID1838
AID1764,BID3841
AID1764,BID4448
AID1765,BID3719
AID1765,BID400
AID1765,BID4244
AID1766,BID1162
AID1766,BID5004
AID1766,BID58
AID1767,BID1785
AID1767,BID3533
AID1767,BID5338
AID1768,BID3319
AID1768,BID3802
AID1768,BID449
AID1769,BID3140
AID1769,BID3908
AID1769,BID5911
AID1770,BID4095
AID1770,BID4357
AID1770,BID775
AID1771,BID1506
AID1771,BID1817
AID1771,BID872
AID1772,BID2918
AID1772,BID4110
AID1772,BID592
AID1773,BID2104
AID1773,BID5802
AID1773,BID671
AID1774,BID3561
AID1774,BID5117
AID1774,BID894
AID1775,BID2665
AID1775,BID3707
AID1775,BID5956
AID1776,BID1892
AID1776,BID2320
AID1776,BID5734
AID1777,BID3344
AID1777,BID3880
AID1777,BID766
AID1778,BID1449
AID1778,BID2483
AID1778,BID3094
AID1779,BID2956
AID1779,BID3889
AID1779,BID5293
AID1780,BID1873
AID1780,BID2461
AID1780,BID5943
AID1781,BID2958
AID1781,BID4950
AID1781,BID5385
AID1782,BID1217
AID1782,BID3761
AID1782,BID4142
AID1783,BID3342
AID1783,BID4593
AID1783,BID653
AID1784,BID1461
AID1784,BID388
AID1784,BID557
AID1785,BID224
AID1785,BID3277
AID1785,BID652
AID1786,BID3043
AID1786,BID3462
AID1786,BID4002
AID1787,BID3246
AID1787,BID4553
AID1787,BID5357
AID1788,BID1417
AID1788,BID2200
AID1788,BID571
AID1789,BID1659
AID1789,BID2730
AID1789,BID2925
AID1790,BID5164
AID1790,BID5693
AID1790,BID842
AID1791,BID2859
AID1791,BID3519
AID1791,BID5404
AID1792,BID1581
AID1792,BID3944
AID1792,BID50
AID1793,BID1006
AID1793,BID4587
AID1793,BID5596
AID1794,BID2160
AID1794,BID5118
AID1794,BID928
AID1795,BID2014
AID1795,BID258
AID1795,BID4252
AID1796,BID3167
AID1796,BID3685
AID1796,BID961
AID1797,BID4431
AID1797,BID5648
AID1797,BID5986
AID1798,BID1107
AID1798,BID1333
AID1798,BID4654
AID1799,BID2470
AID1799,BID3745
AID1799,BID43
AID1800,BID4469
AID1800,BID4484
AID1800,BID5054
AID1801,BID4800
AID1801,BID5702
AID1801,BID5855
AID1802,BID2242
AID1802,BID3111
AID1802,BID4254
AID1803,BID1500
AID1803,BID2643
AID1803,BID3484
AID1804,BID4273
AID1804,BID545
AID1804,BID712
AID1805,BID3053
AID1805,BID5298
AID1805,BID690
AID1806,BID2111
AID1806,BID467
AID1806,BID4789
AID1807,BID1196
AID1807,BID2778
AID1807,BID4680
AID1808,BID1974
AID1808,BID2208
AID1808,BID3059
AID1809,BID5228
AID1809,BID5899
AID1809,BID914
AID1810,BID1085
AID1810,BID1356
AID1810,BID1711
AID1811,BID1085
AID1811,BID2180
AID1811,BID2669
AID1812,BID1009
AID1812,BID2790
AID1812,BID4916
AID1813,BID3029
AID1813,BID399
AID1813,BID5497
AID1814,BID2060
AID1814,BID4438
AID1814,BID664
AID1815,BID2362
AID1815,BID5174
AID1815,BID5658
AID1816,BID1864
AID1816,BID3022
AID1816,BID3822
AID1817,BID1403
AID1817,BID2165
AID1817,BID3510
AID1818,BID3744
AID1818,BID5705
AID1818,BID5977
AID1819,BID4658
AID1819,BID4899
AID1819,BID5419
AID1820,BID1438
AID1820,BID1524
AID1820,BID2973
AID1821,BID1162
AID1821,BID3942
AID1821,BID851
AID1822,BID1383
AID1822,BID216
AID1822,BID5902
AID1823,BID1964
AID1823,BID5763
AID1823,BID681
AID1824,BID4261
AID1824,BID5271
AID1824,BID990
AID1825,BID2210
AID1825,BID4360
AID1825,BID654
AID1826,BID1136
AID1826,BID3033
AID1826,BID687
AID1827,BID3909
AID1827,BID5646
AID1827,BID632
AID1828,BID1176
AID1828,BID2859
AID1828,BID4024
AID1829,BID1382
AID1829,BID4283
AID1829,BID4360
AID1830,BID1855
AID1830,BID5331
AID1830,BID5618
AID1831,BID4074
AID1831,BID4134
AID1831,BID4566
AID1832,BID4216
AID1832,BID4444
AID1832,BID5683
AID1833,BID5221
AID1833,BID5386
AID1833,BID5868
AID1834,BID1596
AID1834,BID3591
AID1834,BID604
AID1835,BID2612
AID1835,BID4070
AID1835,BID604
AID1836,BID292
AID1836,BID3884
AID1836,BID937
AID1837,BID1068
AID1837,BID4444
AID1837,BID4804
AID1838,BID2239
AID1838,BID3066
AID1838,BID5596
AID1839,BID1802
AID1839,BID3217
AID1839,BID4525
AID1840,BID1397
AID1840,BID1504
AID1840,BID3040
AID1841,BID112
AID1841,BID4877
AID1841,BID5353
AID1842,BID2190
AID1842,BID3867
AID1842,BID4907
AID1843,BID3382
AID1843,BID4341
AID1843,BID5045
AID1844,BID1145
AID1844,BID211
AID1844,BID2577
AID1845,BID2222
AID1845,BID3906
AID1845,BID4212
AID1846,BID117
AID1846,BID1681
AID1846,BID3062
AID1847,BID4101
AID1847,BID4346
AID1847,BID922
AID1848,BID222
AID1848,BID2974
AID1848,BID969
AID1849,BID1046
AID1849,BID3475
AID1849,BID384
AID1850,BID3434
AID1850,BID4547
AID1850,BID4981
AID1851,BID146
AID1851,BID553
AID1851,BID611
AID1852,BID224
AID1852,BID2431
AID1852,BID263
AID1853,BID1391
AID1853,BID2189
AID1853,BID5054
AID1854,BID3445
AID1854,BID4780
AID1854,BID962
AID1855,BID3422
AID1855,BID4384
AID1855,BID655
AID1856,BID1150
AID1856,BID3521
AID1856,BID5730
AID1857,BID1074
AID1857,BID176
AID1857,BID99
AID1858,BID5220
AID1858,BID5249
AID1858,BID58
AID1859,BID365
AID1859,BID4040
AID1859,BID5654
AID1860,BID1699
AID1860,BID326
AID1860,BID4298
AID1861,BID3000
AID1861,BID603
AID1861,BID943
AID1862,BID1060
AID1862,BID1838
AID1862,BID5751
AID1863,BID153
AID1863,BID3074
AID1863,BID3246
AID1864,BID1813
AID1864,BID182
AID1864,BID5995
AID1865,BID3048
AID1865,BID5161
AID1865,BID704
AID1866,BID1154
AID1866,BID4472
AID1866,BID672
AID1867,BID1733
AID1867,BID5168
AID1867,BID5517
AID1868,BID112
AID1868,BID2734
AID1868,BID421
AID1869,BID2911
AID1869,BID3099
AID1869,BID5398
AID1870,BID1777
AID1870,BID1778
AID1870,BID5772
AID1871,BID2917
AID1871,BID3291
AID1871,BID4406
AID1872,BID1843
AID1872,BID3767
AID1872,BID5759
AID1873,BID158
AID1873,BID4005
AID1873,BID4780
AID1874,BID1403
AID1874,BID4230
AID1874,BID5260
AID1875,BID2307
AID1875,BID5512
AID1875,BID5790
AID1876,BID4417
AID1876,BID4734
AID1876,BID527
AID1877,BID2039
AID1877,BID2073
AID1877,BID589
AID1878,BID3183
AID1878,BID41
AID1878,BID4802
AID1879,BID589
AID1879,BID5993
AID1879,BID974
AID1880,BID4107
AID1880,BID505
AID1880,BID5211
AID1881,BID1651
AID1881,BID1664
AID1881,BID2754
AID1882,BID1189
AID1882,BID4369
AID1882,BID5875
AID1883,BID2220
AID1883,BID2791
AID1883,BID822
AID1884,BID2190
AID1884,BID3764
AID1884,BID873
AID1885,BID1508
AID1885,BID2209
AID1885,BID3758
AID1886,BID3588
AID1886,BID4905
AID1886,BID5294
AID1887,BID1198
AID1887,BID4732
AID1887,BID5672
AID1888,BID2482
AID1888,BID3117
AID1888,BID5106
AID1889,BID3369
AID1889,BID3963
AID1889,BID4554
AID1890,BID1002
AID1890,BID4545
AID1890,BID480
AID1891,BID5537
AID1891,BID619
AID1891,BID752
AID1892,BID1189
AID1892,BID2804
AID1892,BID5857
AID1893,BID1944
AID1893,BID3310
AID1893,BID5325
AID1894,BID1725
AID1894,BID516
AID1894,BID5586
AID1895,BID2319
AID1895,BID3717
AID1895,BID4810
AID1896,BID3681
AID1896,BID5921
AID1896,BID993
AID1897,BID1320
AID1897,BID1948
AID1897,BID690
AID1898,BID1666
AID1898,BID302
AID1898,BID5993
AID1899,BID1267
AID1899,BID2454
AID1899,BID4742
AID1900,BID2731
AID1900,BID4756
AID1900,BID5334
AID1901,BID2499
AID1901,BID2683
AID1901,BID3146
AID1902,BID1059
AID1902,BID3130
AID1902,BID4500
AID1903,BID2346
AID1903,BID3645
AID1903,BID5618
AID1904,BID2797
AID1904,BID3516
AID1904,BID5489
AID1905,BID4124
AID1905,BID4680
AID1905,BID498
AID1906,BID248
AID1906,BID30
AID1906,BID4376
AID1907,BID2269
AID1907,BID3436
AID1907,BID594
AID1908,BID3392
AID1908,BID4327
AID1908,BID5056
AID1909,BID2118
AID1909,BID3191
AID1909,BID5932
AID1910,BID1009
AID1910,BID3507
AID1910,BID3701
AID1911,BID1441
AID1911,BID15
AID1911,BID4005
AID1912,BID3048
AID1912,BID3718
AID1912,BID659
AID1913,BID4368
AID1913,BID4553
AID1913,BID4601
AID1914,BID3330
AID1914,BID926
AID1914,BID951
AID1915,BID5521
AID1915,BID5926
AID1915,BID5933
AID1916,BID1130
AID1916,BID2120
AID1916,BID4150
AID1917,BID4279
AID1917,BID4682
AID1917,BID5572
AID1918,BID1862
AID1918,BID3259
AID1918,BID4925
AID1919,BID1029
AID1919,BID5116
AID1919,BID5177
AID1920,BID1070
AID1920,BID1373
AID1920,BID2213
AID1921,BID1994
AID1921,BID3159
AID1921,BID3961
AID1922,BID1227
AID1922,BID3764
AID1922,BID900
AID1923,BID1878
AID1923,BID4853
AID1923,BID5115
AID1924,BID3639
AID1924,BID4134
AID1924,BID5721
AID1925,BID1746
AID1925,BID1910
AID1925,BID5973
AID1926,BID5444
AID1926,BID877
AID1926,BID978
AID1927,BID1416
AID1927,BID2126
AID1927,BID2299
AID1928,BID250
AID1928,BID4301
AID1928,BID4406
AID1929,BID105
AID1929,BID5539
AID1929,BID589
AID1930,BID1741
AID1930,BID1961
AID1930,BID5228
AID1931,BID118
AID1931,BID1323
AID1931,BID2962
AID1932,BID1187
AID1932,BID4706
AID1932,BID4984
AID1933,BID3455
AID1933,BID4150
AID1933,BID4481
AID1934,BID2923
AID1934,BID3972
AID1934,BID5079
AID1935,BID241
AID1935,BID3696
AID1935,BID5250
AID1936,BID3239
AID1936,BID4005
AID1936,BID5717
AID1937,BID1064
AID1937,BID2209
AID1937,BID4467
AID1938,BID2865
AID1938,BID3078
AID1938,BID5612
AID1939,BID2039
AID1939,BID4189
AID1939,BID4332
AID1940,BID3415
AID1940,BID3859
AID1940,BID4839
AID1941,BID1256
AID1941,BID4991
AID1941,BID773
AID1942,BID2702
AID1942,BID382
AID1942,BID3929
AID1943,BID1206
AID1943,BID5126
AID1943,BID720
AID1944,BID1100
AID1944,BID2748
AID1944,BID3997
AID1945,BID2239
AID1945,BID2695
AID1945,BID5094
AID1946,BID2510
AID1946,BID5667
AID1946,BID955
AID1947,BID1260
AID1947,BID1440
AID1947,BID2725
AID1948,BID2599
AID1948,BID4073
AID1948,BID5720
AID1949,BID1738
AID1949,BID2025
AID1949,BID3166
AID1950,BID1430
AID1950,BID5641
AID1950,BID972
AID1951,BID1123
AID1951,BID3554
AID1951,BID5280
AID1952,BID2705
AID1952,BID5382
AID1952,BID5965
AID1953,BID2367
AID1953,BID277
AID1953,BID5155
AID1954,BID1372
AID1954,BID2604
AID1954,BID5407
AID1955,BID189
AID1955,BID3143
AID1955,BID4013
AID1956,BID1701
AID1956,BID5088
AID1956,BID5862
AID1957,BID124
AID1957,BID3863
AID1957,BID5193
AID1958,BID3676
AID1958,BID5688
AID1958,BID5710
AID1959,BID116
AID1959,BID2113
AID1959,BID3325
AID1960,BID1979
AID1960,BID4750
AID1960,BID5291
AID1961,BID2622
AID1961,BID3685
AID1961,BID4248
AID1962,BID1334
AID1962,BID496
AID1962,BID5668
AID1963,BID2149
AID1963,BID2164
AID1963,BID2866
AID1964,BID3832
AID1964,BID4828
AID1964,BID4973
AID1965,BID2534
AID1965,BID4851
AID1965,BID4969
AID1966,BID1791
AID1966,BID4057
AID1966,BID5877
AID1967,BID2671
AID1967,BID3562
AID1967,BID3582
AID1968,BID1464
AID1968,BID4764
AID1968,BID5137
AID1969,BID4368
AID1969,BID5646
AID1969,BID5673
AID1970,BID3779
AID1970,BID408
AID1970,BID4964
AID1971,BID1237
AID1971,BID2279
AID1971,BID2850
AID1972,BID4835
AID1972,BID511
AID1972,BID5359
AID1973,BID2711
AID1973,BID3435
AID1973,BID3971
AID1974,BID1254
AID1974,BID2756
AID1974,BID3025
AID1975,BID3021
AID1975,BID3380
AID1975,BID4027
AID1976,BID1503
AID1976,BID2918
AID1976,BID3122
AID1977,BID2443
AID1977,BID5913
AID1977,BID994
AID1978,BID1882
AID1978,BID2677
AID1978,BID4205
AID1979,BID1356
AID1979,BID4816
AID1979,BID576
AID1980,BID1213
AID1980,BID3005
AID1980,BID5768
AID1981,BID1794
AID1981,BID5399
AID1981,BID94
AID1982,BID1435
AID1982,BID1986
AID1982,BID5890
AID1983,BID111
AID1983,BID3064
AID1983,BID4672
AID1984,BID1363
AID1984,BID3610
AID1984,BID4602
AID1985,BID1890
AID1985,BID2115
AID1985,BID5232
AID1986,BID1756
AID1986,BID2205
AID1986,BID5440
AID1987,BID1234
AID1987,BID2243
AID1987,BID4639
AID1988,BID1294
AID1988,BID1684
AID1988,BID2718
AID1989,BID197
AID1989,BID3032
AID1989,BID3935
AID1990,BID1353
AID1990,BID228
AID1990,BID891
AID1991,BID4411
AID1991,BID5147
AID1991,BID5920
AID1992,BID2493
AID1992,BID3577
AID1992,BID5779
AID1993,BID2435
AID1993,BID5210
AID1993,BID5274
AID1994,BID2253
AID1994,BID2340
AID1994,BID4471
AID1995,BID2803
AID1995,BID3824
AID1995,BID3862
AID1996,BID2092
AID1996,BID2387
AID1996,BID5253
AID1997,BID1754
AID1997,BID3590
AID1997,BID4753
AID1998,BID1547
AID1998,BID4779
AID1998,BID5262
AID1999,BID1357
AID1999,BID2254
AID1999,BID5724
AID2000,BID152
AID2000,BID4207
AID2000,BID5685
